entropy,block_rep_8,block_rep_16,block_rep_32,skewness,kurtosis,chi2_stat,autocorrelation,compression_ratio,bigram_rep,label
7.588183728724238,0,0,0.0,-0.0337,-1.2484,271.03,0.0015,0.9796,0.0038,AES-128 (CBC)
7.168981936851555,0,0,0.0,0.084,-1.213,272.0,0.0117,0.9611,0.0,AES-128 (ECB)
7.22139331042011,0,0,0,-0.0665,-1.1989,234.0,-0.0541,0.9588,0.0,AES-128 (GCM)
7.140319531114784,0,0,0,-0.1372,-1.2158,256.0,0.0775,0.9588,0.0,AES-128 (CTR)
6.021928094887358,0,0,0.0,-0.0902,-1.2964,252.8,-0.1721,0.8791,0.0,AES-192 (CBC)
6.037492001110314,0,0,0.0,0.0806,-0.9944,252.8,0.0308,0.8791,0.0,AES-192 (ECB)
5.625,0,0,0,-0.1451,-1.163,288.0,-0.0391,0.8533,0.0,AES-192 (GCM)
7.624661879125077,0,0,0,-0.1036,-1.2375,241.0,0.0409,0.979,0.002,AES-192 (CTR)
5.996928094887359,0,0,0.0,0.0724,-1.1768,259.2,0.0214,0.8791,0.0,AES-256 (CBC)
6.146928094887357,0,0,0.0,-0.135,-1.0873,220.8,0.0834,0.8791,0.0,AES-256 (ECB)
5.663909765557392,0,0,0,-0.0492,-1.4518,288.0,0.1321,0.8533,0.0,AES-256 (GCM)
7.168230652316841,0,0,0,-0.0456,-1.3245,256.0,0.0798,0.9588,0.0039,AES-256 (CTR)
7.269052822693004,0,0,0.0,0.0502,-1.1261,226.82,-0.0596,0.9611,0.0037,AES-128 (CBC)
6.046928094887358,0,0,0.0,0.342,-1.194,246.4,-0.0929,0.8791,0.0,AES-128 (ECB)
6.42363720694674,0,0,0,-0.161,-1.0446,304.0,-0.0498,0.9209,0.0,AES-128 (GCM)
5.71875,0,0,0,0.1604,-1.1052,264.0,-0.0603,0.8533,0.0,AES-128 (CTR)
7.244218677464463,0,0,0.0,0.0046,-1.15,238.12,0.0058,0.9611,0.0037,AES-192 (CBC)
7.187436164824549,0,0,0.0,0.2149,-1.1406,266.35,-0.0482,0.9611,0.0,AES-192 (ECB)
6.380592089725436,0,0,0,-0.1183,-0.9213,304.0,0.0197,0.9209,0.0079,AES-192 (GCM)
7.101748035095538,0,0,0,-0.0739,-1.2393,278.0,-0.0739,0.9588,0.0039,AES-192 (CTR)
7.606583338326253,0,0,0.0,0.0425,-1.1602,238.06,0.0428,0.9796,0.0038,AES-256 (CBC)
6.721804688852181,0,0,0.0,-0.0667,-1.2738,247.11,0.0551,0.929,0.0,AES-256 (ECB)
6.535079882778696,0,0,0,-0.0001,-1.3165,260.0,0.0331,0.9209,0.0,AES-256 (GCM)
7.8329198397608595,0,0,0,0.0228,-1.1965,222.5,0.0106,0.9894,0.0078,AES-256 (CTR)
7.823439118608478,0,0,0.0,-0.0457,-1.1864,233.6,0.0027,0.9895,0.0048,AES-128 (CBC)
7.5998950041599285,0,0,0.0,-0.0581,-1.1654,240.0,0.028,0.9796,0.0,AES-128 (ECB)
7.124304431622167,0,0,0,0.0625,-1.2062,278.0,-0.0585,0.9588,0.0,AES-128 (GCM)
7.634711189726105,0,0,0,0.0649,-1.216,228.0,0.0304,0.979,0.0039,AES-128 (CTR)
6.701107119467833,0,0,0.0,0.221,-1.1354,236.44,0.0706,0.929,0.0,AES-192 (CBC)
7.816029713124113,0,0,0.0,-0.0063,-1.1579,251.82,-0.0525,0.9895,0.0058,AES-192 (ECB)
7.533776154268731,0,0,0,0.0061,-1.1366,286.0,-0.0404,0.979,0.0059,AES-192 (GCM)
5.831954882778696,0,0,0,0.0177,-1.2986,240.0,0.2246,0.8533,0.0,AES-192 (CTR)
6.1469280948873575,0,0,0.0,0.2406,-1.127,220.8,0.0693,0.8791,0.0,AES-256 (CBC)
7.610549962464117,0,0,0.0,0.1987,-1.2259,257.45,0.0384,0.9796,0.0057,AES-256 (ECB)
7.79221446236674,0,0,0,-0.0584,-1.2015,268.5,0.0406,0.9894,0.0039,AES-256 (GCM)
7.797011566032618,0,0,0,-0.0432,-1.1566,266.5,0.0113,0.9894,0.0059,AES-256 (CTR)
7.806581127352011,0,0,0.0,0.0272,-1.2469,251.82,-0.0017,0.9895,0.0087,AES-128 (CBC)
6.171928094887357,0,0,0.0,-0.131,-1.1416,214.4,0.2059,0.8791,0.0,AES-128 (ECB)
7.794714605931351,0,0,0,0.002,-1.2164,269.0,-0.0054,0.9894,0.0068,AES-128 (GCM)
7.568392347971807,0,0,0,-0.028,-1.2506,267.0,0.0252,0.979,0.0039,AES-128 (CTR)
7.554837333815565,0,0,0.0,0.0727,-1.0702,279.76,-0.0177,0.9796,0.0038,AES-192 (CBC)
7.624540155547282,0,0,0.0,0.0797,-1.2389,244.85,0.0037,0.9796,0.0038,AES-192 (ECB)
5.75,0,0,0,-0.0407,-1.1261,256.0,0.095,0.8533,0.0,AES-192 (GCM)
5.726409765557392,0,0,0,-0.1796,-1.0218,272.0,-0.0891,0.8533,0.0,AES-192 (CTR)
6.652360244407738,0,0,0.0,0.1181,-1.2938,257.78,0.0859,0.929,0.007,AES-256 (CBC)
6.690622570826674,0,0,0.0,-0.0042,-1.1856,250.67,0.0505,0.929,0.0,AES-256 (ECB)
6.576057324168044,0,0,0,-0.0148,-1.157,252.0,-0.018,0.9209,0.0079,AES-256 (GCM)
6.405944531114784,0,0,0,0.0583,-1.2921,300.0,-0.0208,0.9209,0.0079,AES-256 (CTR)
7.233261140731571,0,0,0.0,0.0652,-1.076,251.29,0.0055,0.9611,0.0,AES-128 (CBC)
7.82997374814603,0,0,0.0,0.015,-1.1374,236.55,0.0131,0.9895,0.0067,AES-128 (ECB)
5.78125,0,0,0,0.0354,-1.1801,248.0,0.0491,0.8533,0.0,AES-128 (GCM)
7.181787976484884,0,0,0,-0.0763,-1.2581,248.0,-0.0568,0.9588,0.0,AES-128 (CTR)
7.194789106001023,0,0,0.0,0.053,-1.1128,275.76,-0.0643,0.9611,0.0,AES-192 (CBC)
6.544653473544355,0,0,0.0,0.0048,-1.0695,296.89,-0.0666,0.929,0.007,AES-192 (ECB)
6.523284765557392,0,0,0,-0.1812,-1.316,268.0,-0.095,0.9209,0.0,AES-192 (GCM)
7.170688427641414,0,0,0,-0.1066,-1.1783,254.0,-0.043,0.9588,0.0,AES-192 (CTR)
7.23289398826793,0,0,0.0,-0.0245,-1.2421,253.18,-0.0062,0.9611,0.0,AES-256 (CBC)
7.33162469772482,0,0,0.0,-0.1523,-1.3017,213.65,0.0126,0.9611,0.0,AES-256 (ECB)
6.650352441389348,0,0,0,0.0007,-1.3919,220.0,-0.0942,0.9209,0.0,AES-256 (GCM)
7.803211127034985,0,0,0,-0.0195,-1.1735,257.0,0.0375,0.9894,0.0059,AES-256 (CTR)
6.687218230578945,0,0,0.0,0.2605,-0.9896,240.0,0.0943,0.929,0.007,AES-128 (CBC)
7.612670067537531,0,0,0.0,0.1056,-1.22,251.64,-0.0045,0.9796,0.0057,AES-128 (ECB)
5.75,0,0,0,0.1704,-1.439,256.0,-0.0718,0.8533,0.0,AES-128 (GCM)
7.612073066676103,0,0,0,-0.1152,-1.1706,241.0,0.0372,0.979,0.0039,AES-128 (CTR)
7.804594596484101,0,0,0.0,0.0145,-1.216,261.66,0.0316,0.9895,0.0067,AES-192 (CBC)
7.551471459812777,0,0,0.0,0.0586,-1.2673,283.64,-0.1002,0.9796,0.0095,AES-192 (ECB)
7.217020593706189,0,0,0,-0.0605,-1.3561,234.0,-0.03,0.9588,0.0,AES-192 (GCM)
7.192159156297594,0,0,0,-0.0359,-1.1476,250.0,-0.0311,0.9588,0.0,AES-192 (CTR)
6.709753734036142,0,0,0.0,-0.0274,-1.1902,243.56,0.0217,0.929,0.0,AES-256 (CBC)
6.629824740950539,0,0,0.0,0.0773,-1.3725,268.44,-0.0705,0.929,0.0,AES-256 (ECB)
7.571467946742504,0,0,0,-0.0371,-1.2145,265.0,-0.0067,0.979,0.0059,AES-256 (GCM)
5.78125,0,0,0,0.3335,-0.8063,248.0,0.0556,0.8533,0.0,AES-256 (CTR)
7.795794138900594,0,0,0.0,-0.0354,-1.1987,269.05,-0.0146,0.9895,0.0115,AES-128 (CBC)
6.75666267502339,0,0,0.0,0.0533,-1.2095,222.22,-0.0992,0.929,0.0,AES-128 (ECB)
7.122236755790211,0,0,0,-0.0518,-1.2345,270.0,-0.0822,0.9588,0.0,AES-128 (GCM)
6.560432324168044,0,0,0,0.0488,-1.2363,248.0,-0.0285,0.9209,0.0,AES-128 (CTR)
6.121928094887358,0,0,0.0,0.111,-0.8935,227.2,-0.1227,0.8791,0.0,AES-192 (CBC)
5.962492001110315,0,0,0.0,0.2816,-0.8424,272.0,-0.3836,0.8791,0.0,AES-192 (ECB)
7.189753210927493,0,0,0,-0.0334,-1.1168,248.0,-0.1249,0.9588,0.0,AES-192 (GCM)
5.84375,0,0,0,-0.5458,-0.7603,232.0,-0.0576,0.8533,0.0,AES-192 (CTR)
6.75142040070281,0,0,0.0,0.3369,-1.0941,232.89,-0.1393,0.929,0.0,AES-256 (CBC)
5.884183719779185,0,0,0.0,0.1333,-1.1301,304.0,-0.1269,0.8791,0.0,AES-256 (ECB)
7.788801597724213,0,0,0,0.0087,-1.2444,274.5,0.0548,0.9894,0.0068,AES-256 (GCM)
7.62198987608943,0,0,0,0.0218,-1.2495,233.0,0.0875,0.979,0.0059,AES-256 (CTR)
7.801773880675714,0,0,0.0,0.0724,-1.1557,266.58,0.0271,0.9895,0.0087,AES-128 (CBC)
6.6106935777410705,0,0,0.0,-0.2467,-1.1049,268.44,-0.0592,0.929,0.0,AES-128 (ECB)
5.706954882778696,0,0,0,0.2014,-1.1163,272.0,-0.0663,0.8533,0.0,AES-128 (GCM)
5.8125,0,0,0,0.1815,-1.0774,240.0,0.1863,0.8533,0.0,AES-128 (CTR)
6.806975956258367,0,0,0.0,-0.0524,-1.2134,211.56,0.015,0.929,0.0,AES-192 (CBC)
7.6355479498225005,0,0,0.0,-0.0313,-1.1909,241.94,-0.016,0.9796,0.0057,AES-192 (ECB)
6.479459449350854,0,0,0,0.076,-1.2392,288.0,0.0895,0.9209,0.0,AES-192 (GCM)
7.8090079654773294,0,0,0,-0.0055,-1.2188,268.5,-0.0029,0.9894,0.0098,AES-192 (CTR)
6.112492001110314,0,0,0.0,-0.0226,-1.4505,233.6,-0.0313,0.8791,0.0,AES-256 (CBC)
6.071928094887359,0,0,0.0,-0.1573,-1.2981,240.0,-0.0559,0.8791,0.0,AES-256 (ECB)
5.75,0,0,0,0.1472,-1.1291,256.0,-0.1503,0.8533,0.0,AES-256 (GCM)
7.221003210927493,0,0,0,0.0967,-1.2242,236.0,0.003,0.9588,0.0078,AES-256 (CTR)
5.912492001110315,0,0,0.0,0.2779,-1.2378,284.8,-0.0207,0.8791,0.0127,AES-128 (CBC)
7.587326631888675,0,0,0.0,0.0142,-1.2336,284.61,0.0241,0.9796,0.0057,AES-128 (ECB)
7.205615575977502,0,0,0,-0.0518,-1.2156,236.0,-0.1145,0.9588,0.0,AES-128 (GCM)
5.663909765557392,0,0,0,0.1616,-1.2569,288.0,0.0738,0.8533,0.0,AES-128 (CTR)
7.8056644850386645,0,0,0.0,-0.0476,-1.1671,266.09,0.0069,0.9895,0.0077,AES-192 (CBC)
7.653646340309128,0,0,0.0,-0.0528,-1.1677,226.42,-0.0686,0.9796,0.0019,AES-192 (ECB)
5.738204882778696,0,0,0,-0.1054,-1.0633,264.0,0.1329,0.8533,0.0,AES-192 (GCM)
6.566329882778696,0,0,0,-0.0768,-1.1601,244.0,0.0163,0.9209,0.0,AES-192 (CTR)
7.577326544006718,0,0,0.0,-0.048,-1.1907,273.94,-0.048,0.9796,0.0019,AES-256 (CBC)
7.831289726259637,0,0,0.0,-0.0155,-1.1901,225.72,-0.0074,0.9895,0.0067,AES-256 (ECB)
7.633753719031432,0,0,0,0.0142,-1.161,223.0,0.0906,0.979,0.002,AES-256 (GCM)
7.086513134588154,0,0,0,0.0261,-1.3011,288.0,-0.0225,0.9588,0.0,AES-256 (CTR)
5.987492001110315,0,0,0.0,0.1884,-1.0595,265.6,-0.1728,0.8791,0.0,AES-128 (CBC)
6.626420400702809,0,0,0.0,0.0788,-1.2117,272.0,0.0224,0.929,0.0,AES-128 (ECB)
7.217563427641414,0,0,0,0.1216,-1.2772,238.0,0.0005,0.9588,0.0039,AES-128 (GCM)
7.592259358684094,0,0,0,0.0425,-1.2308,263.0,0.014,0.979,0.0059,AES-128 (CTR)
7.264108050752025,0,0,0.0,-0.0454,-1.1164,240.0,0.0287,0.9611,0.0,AES-192 (CBC)
7.6501637316099185,0,0,0.0,-0.017,-1.1948,224.48,0.0318,0.9796,0.0019,AES-192 (ECB)
7.616232955606848,0,0,0,0.0216,-1.224,238.0,0.0027,0.979,0.0059,AES-192 (GCM)
7.572651741462789,0,0,0,-0.0,-1.3097,247.0,0.0219,0.979,0.0,AES-192 (CTR)
6.638471355518848,0,0,0.0,-0.0491,-1.219,261.33,0.0898,0.929,0.0,AES-256 (CBC)
6.681975956258365,0,0,0.0,0.0724,-1.1433,250.67,-0.1438,0.929,0.0,AES-256 (ECB)
7.120321814400863,0,0,0,0.0678,-1.2239,276.0,0.0301,0.9588,0.0,AES-256 (GCM)
6.500982007961507,0,0,0,-0.0552,-0.9312,280.0,-0.0158,0.9209,0.0,AES-256 (CTR)
7.589783982236194,0,0,0.0,0.0056,-1.105,266.18,-0.0241,0.9796,0.0057,AES-128 (CBC)
7.554788410427384,0,0,0.0,-0.0014,-1.1602,294.3,0.0333,0.9796,0.0057,AES-128 (ECB)
6.581954882778696,0,0,0,0.0761,-1.1324,240.0,0.0892,0.9209,0.0,AES-128 (GCM)
7.795537015169824,0,0,0,0.0138,-1.1919,272.0,-0.0353,0.9894,0.0068,AES-128 (CTR)
6.6332290811982695,0,0,0.0,-0.0629,-1.1476,264.89,-0.1013,0.929,0.0,AES-192 (CBC)
6.60204696317276,0,0,0.0,0.1551,-1.0443,275.56,0.0326,0.929,0.0,AES-192 (ECB)
7.166315710927494,0,0,0,-0.0198,-1.2845,254.0,-0.0253,0.9588,0.0078,AES-192 (GCM)
7.6064604212755,0,0,0,0.0028,-1.165,243.0,0.1111,0.979,0.0039,AES-192 (CTR)
7.369362427528092,0,0,0.0,-0.0323,-1.1143,204.24,0.0484,0.9611,0.0037,AES-256 (CBC)
7.6287552360192254,0,0,0.0,-0.0166,-1.1704,244.85,0.0171,0.9796,0.0,AES-256 (ECB)
6.554534765557392,0,0,0,-0.1101,-1.4023,252.0,0.0787,0.9209,0.0,AES-256 (GCM)
6.427467089725436,0,0,0,-0.1051,-1.3045,292.0,0.0172,0.9209,0.0,AES-256 (CTR)
7.808496553315905,0,0,0.0,0.0313,-1.2332,253.78,0.0419,0.9895,0.0087,AES-128 (CBC)
7.236865736287989,0,0,0.0,0.1285,-1.2217,240.0,0.0072,0.9611,0.0,AES-128 (ECB)
5.738204882778696,0,0,0,-0.1428,-0.8299,264.0,0.1076,0.8533,0.0,AES-128 (GCM)
7.571726944975317,0,0,0,-0.0324,-1.1804,265.0,-0.0343,0.979,0.002,AES-128 (CTR)
6.046928094887358,0,0,0.0,-0.0185,-1.0962,246.4,-0.108,0.8791,0.0,AES-192 (CBC)
7.232431866874281,0,0,0.0,0.0775,-1.3303,256.94,0.0797,0.9611,0.0,AES-192 (ECB)
7.140810535095537,0,0,0,0.0374,-1.2449,264.0,0.0016,0.9588,0.0,AES-192 (GCM)
7.128778052824224,0,0,0,-0.0036,-1.2688,288.0,0.0845,0.9588,0.0,AES-192 (CTR)
6.003055907333271,0,0,0.0,-0.338,-1.1464,265.6,0.2396,0.8791,0.0,AES-256 (CBC)
7.208521964433039,0,0,0.0,0.074,-1.2459,256.94,0.0404,0.9611,0.0074,AES-256 (ECB)
6.374694531114784,0,0,0,-0.0015,-1.0787,308.0,-0.0959,0.9209,0.0,AES-256 (GCM)
6.581954882778696,0,0,0,-0.0942,-1.1117,248.0,0.1286,0.9209,0.0079,AES-256 (CTR)
7.310538898116329,0,0,0.0,-0.0666,-1.2643,215.53,-0.0822,0.9611,0.0037,AES-128 (CBC)
6.046928094887358,0,0,0.0,0.0689,-1.1305,246.4,0.0416,0.8791,0.0,AES-128 (ECB)
7.109950634588154,0,0,0,0.0594,-1.3857,278.0,0.0703,0.9588,0.0,AES-128 (GCM)
5.75,0,0,0,0.1118,-1.1947,256.0,0.1681,0.8533,0.0,AES-128 (CTR)
6.680138022185515,0,0,0.0,-0.1496,-1.2508,250.67,0.0377,0.929,0.007,AES-192 (CBC)
6.591562414531601,0,0,0.0,0.1122,-1.2999,282.67,-0.1306,0.929,0.007,AES-192 (ECB)
7.602169431084952,0,0,0,-0.0275,-1.222,246.0,-0.0225,0.979,0.0,AES-192 (GCM)
6.535079882778696,0,0,0,-0.1302,-1.1899,252.0,0.0841,0.9209,0.0,AES-192 (CTR)
7.815114874078863,0,0,0.0,0.0308,-1.2153,242.46,-0.0287,0.9895,0.0096,AES-256 (CBC)
7.1552490784195335,0,0,0.0,-0.0907,-1.2157,283.29,0.0008,0.9611,0.0,AES-256 (ECB)
7.801635682792805,0,0,0,-0.0721,-1.201,259.5,0.0061,0.9894,0.0039,AES-256 (GCM)
6.665977441389348,0,0,0,0.0835,-1.2654,216.0,-0.0325,0.9209,0.0,AES-256 (CTR)
7.822239787092533,0,0,0.0,-0.0229,-1.1961,246.4,-0.0053,0.9895,0.0038,AES-128 (CBC)
6.146928094887357,0,0,0.0,0.0612,-1.2075,220.8,-0.1384,0.8791,0.0,AES-128 (ECB)
5.652114648336088,0,0,0,0.0905,-1.2862,296.0,-0.0988,0.8533,0.0,AES-128 (GCM)
7.614725891746984,0,0,0,0.0993,-1.1435,252.0,0.052,0.979,0.0039,AES-128 (CTR)
6.037492001110314,0,0,0.0,-0.2395,-1.3439,252.8,0.0353,0.8791,0.0,AES-192 (CBC)
6.596804688852181,0,0,0.0,0.001,-1.0794,279.11,0.0507,0.929,0.0,AES-192 (ECB)
7.165281873011515,0,0,0,-0.026,-1.1035,250.0,-0.0395,0.9588,0.0,AES-192 (GCM)
7.238052148336088,0,0,0,0.0185,-1.038,234.0,0.0794,0.9588,0.0,AES-192 (CTR)
6.608855643668221,0,0,0.0,-0.0742,-1.4223,275.56,-0.1186,0.929,0.0,AES-256 (CBC)
6.121928094887357,0,0,0.0,0.0395,-1.4059,227.2,-0.139,0.8791,0.0,AES-256 (ECB)
5.644454882778696,0,0,0,-0.1981,-1.157,288.0,0.1979,0.8533,0.0,AES-256 (GCM)
5.601409765557392,0,0,0,0.1095,-1.2515,304.0,-0.118,0.8533,0.0,AES-256 (CTR)
7.850772126218433,0,0,0.0,-0.0411,-1.1411,211.94,0.0538,0.9895,0.0038,AES-128 (CBC)
7.808160329971413,0,0,0.0,-0.0176,-1.1768,251.82,0.0119,0.9895,0.0048,AES-128 (ECB)
6.554534765557392,0,0,0,0.0097,-1.135,252.0,-0.0558,0.9209,0.0,AES-128 (GCM)
5.632659765557392,0,0,0,0.0271,-1.41,296.0,-0.0467,0.8533,0.0,AES-128 (CTR)
6.709753734036144,0,0,0.0,0.0818,-1.2169,243.56,0.0652,0.929,0.0,AES-192 (CBC)
7.562747643197982,0,0,0.0,0.0649,-1.221,278.79,-0.0281,0.9796,0.0038,AES-192 (ECB)
5.84375,0,0,0,-0.0595,-1.1117,232.0,-0.2136,0.8533,0.0,AES-192 (GCM)
7.163757031114784,0,0,0,0.0753,-1.2772,258.0,0.0627,0.9588,0.0,AES-192 (CTR)
7.639886006745707,0,0,0.0,0.0292,-1.1988,236.12,-0.0391,0.9796,0.0057,AES-256 (CBC)
6.695864845147254,0,0,0.0,0.0251,-1.2038,240.0,0.0383,0.929,0.0,AES-256 (ECB)
7.201785693198806,0,0,0,-0.0006,-1.132,244.0,-0.0628,0.9588,0.0,AES-256 (GCM)
7.271217089725436,0,0,0,-0.0585,-1.1471,220.0,0.1297,0.9588,0.0,AES-256 (CTR)
7.808849538527921,0,0,0.0,-0.0385,-1.2082,255.75,0.04,0.9895,0.0106,AES-128 (CBC)
6.497744532557108,0,0,0.0,-0.1055,-1.2256,332.44,-0.1339,0.929,0.0,AES-128 (ECB)
5.75,0,0,0,-0.3738,-1.0781,256.0,-0.0985,0.8533,0.0,AES-128 (GCM)
7.545844088385544,0,0,0,-0.0368,-1.2474,289.0,-0.0402,0.979,0.0078,AES-128 (CTR)
6.723642622925033,0,0,0.0,-0.0619,-1.1796,232.89,-0.0021,0.929,0.007,AES-192 (CBC)
6.087492001110314,0,0,0.0,-0.182,-1.1873,240.0,0.0809,0.8791,0.0,AES-192 (ECB)
5.71875,0,0,0,-0.0791,-1.2394,264.0,0.0711,0.8533,0.0,AES-192 (GCM)
5.875,0,0,0,0.0995,-1.3517,224.0,0.1031,0.8533,0.0,AES-192 (CTR)
7.598698158618733,0,0,0.0,-0.0468,-1.2003,260.36,-0.0016,0.9796,0.0038,AES-256 (CBC)
6.565622570826674,0,0,0.0,-0.0704,-1.2362,282.67,0.1283,0.929,0.0,AES-256 (ECB)
7.809438649970099,0,0,0,-0.0042,-1.197,250.5,-0.0146,0.9894,0.0068,AES-256 (GCM)
7.570044009333909,0,0,0,0.0521,-1.1779,279.0,-0.0473,0.979,0.002,AES-256 (CTR)
6.699269185394984,0,0,0.0,0.011,-1.2373,257.78,0.128,0.929,0.0,AES-128 (CBC)
7.775297598077202,0,0,0.0,-0.0128,-1.1457,301.54,0.0295,0.9895,0.0115,AES-128 (ECB)
5.706954882778696,0,0,0,0.3014,-1.0556,272.0,0.0426,0.8533,0.0,AES-128 (GCM)
7.8039572670394275,0,0,0,0.0245,-1.2259,254.0,-0.0116,0.9894,0.0078,AES-128 (CTR)
7.218188105914992,0,0,0.0,-0.0388,-1.3136,260.71,0.0358,0.9611,0.0,AES-192 (CBC)
7.60560731601271,0,0,0.0,0.0776,-1.1776,252.61,-0.0337,0.9796,0.0,AES-192 (ECB)
6.587852441389348,0,0,0,0.1566,-1.2809,236.0,0.0448,0.9209,0.0,AES-192 (GCM)
7.810318728872168,0,0,0,0.0081,-1.2229,257.0,-0.016,0.9894,0.0088,AES-192 (CTR)
7.616750129148698,0,0,0.0,0.0159,-1.1362,243.88,0.0095,0.9796,0.0076,AES-256 (CBC)
6.7566626750233905,0,0,0.0,-0.1905,-0.9895,229.33,-0.039,0.929,0.0,AES-256 (ECB)
6.494102441389348,0,0,0,-0.0546,-0.8222,268.0,0.1049,0.9209,0.0079,AES-256 (GCM)
6.40801220694674,0,0,0,0.0441,-1.297,300.0,0.1116,0.9209,0.0,AES-256 (CTR)
7.250837313713655,0,0,0.0,-0.0398,-1.1182,247.53,0.0317,0.9611,0.0074,AES-128 (CBC)
7.662137154400734,0,0,0.0,0.0194,-1.2171,218.67,-0.0532,0.9796,0.0038,AES-128 (ECB)
5.84375,0,0,0,-0.0874,-1.1137,232.0,-0.2325,0.8533,0.0,AES-128 (GCM)
6.507659765557392,0,0,0,-0.0812,-1.1456,264.0,0.1005,0.9209,0.0,AES-128 (CTR)
7.818987325902021,0,0,0.0,0.006,-1.2175,240.98,-0.0023,0.9895,0.0164,AES-192 (CBC)
7.6043653864764655,0,0,0.0,-0.024,-1.2793,253.58,-0.0269,0.9796,0.0,AES-192 (ECB)
7.609943897575683,0,0,0,0.0824,-1.2728,233.0,0.0083,0.979,0.0078,AES-192 (GCM)
6.507659765557392,0,0,0,0.0528,-1.2234,264.0,0.0347,0.9209,0.0079,AES-192 (CTR)
7.713170328808895,0,0,0.0,0.0242,-1.2046,187.64,-0.0334,0.9796,0.0019,AES-256 (CBC)
7.802657820996679,0,0,0.0,-0.0133,-1.1196,258.22,0.0009,0.9895,0.0087,AES-256 (ECB)
5.65625,0,0,0,0.275,-1.3686,280.0,-0.2752,0.8533,0.0,AES-256 (GCM)
7.113543152316842,0,0,0,-0.1106,-1.2908,282.0,-0.0079,0.9588,0.0,AES-256 (CTR)
7.7875261626087084,0,0,0.0,0.0253,-1.1616,279.38,-0.003,0.9895,0.0038,AES-128 (CBC)
7.801758642837413,0,0,0.0,0.0052,-1.1502,272.98,0.0213,0.9895,0.0019,AES-128 (ECB)
6.554534765557392,0,0,0,0.0021,-0.999,252.0,-0.0184,0.9209,0.0,AES-128 (GCM)
7.606491695554804,0,0,0,-0.083,-1.1841,237.0,-0.0407,0.979,0.002,AES-128 (CTR)
7.817835413879728,0,0,0.0,-0.0988,-1.197,244.43,0.0233,0.9895,0.0077,AES-192 (CBC)
6.665555623087531,0,0,0.0,-0.1417,-1.0857,264.89,-0.0411,0.929,0.0,AES-192 (ECB)
7.55754366042078,0,0,0,-0.0427,-1.1944,273.0,0.0166,0.979,0.0117,AES-192 (GCM)
7.598842971021808,0,0,0,0.0474,-1.2414,252.0,0.0043,0.979,0.0,AES-192 (CTR)
7.142345493844806,0,0,0.0,-0.072,-1.1464,281.41,-0.0588,0.9611,0.0074,AES-256 (CBC)
6.789682727121748,0,0,0.0,0.0254,-1.1823,218.67,-0.0144,0.929,0.0,AES-256 (ECB)
5.75,0,0,0,-0.1505,-1.2222,256.0,0.1024,0.8533,0.0,AES-256 (GCM)
7.630446114512792,0,0,0,0.0141,-1.2005,223.0,0.0028,0.979,0.0,AES-256 (CTR)
6.77395590416001,0,0,0.0,0.2858,-0.9839,222.22,0.0632,0.929,0.0,AES-128 (CBC)
6.740935852061652,0,0,0.0,-0.0052,-1.1971,232.89,-0.1822,0.929,0.0,AES-128 (ECB)
6.572227441389348,0,0,0,0.0679,-1.141,240.0,-0.0082,0.9209,0.0079,AES-128 (GCM)
5.84375,0,0,0,-0.0425,-1.3559,232.0,-0.2596,0.8533,0.0,AES-128 (CTR)
7.805072941527447,0,0,0.0,-0.0897,-1.2021,260.18,-0.0199,0.9895,0.0058,AES-192 (CBC)
6.037492001110314,0,0,0.0,-0.0136,-1.0343,252.8,-0.0693,0.8791,0.0,AES-192 (ECB)
7.857158647507165,0,0,0,-0.025,-1.2138,195.5,-0.0088,0.9894,0.0068,AES-192 (GCM)
7.608048134151098,0,0,0,-0.031,-1.224,250.0,0.0058,0.979,0.0059,AES-192 (CTR)
7.82365953530572,0,0,0.0,0.0377,-1.1861,229.66,-0.0003,0.9895,0.0058,AES-256 (CBC)
6.640309289591698,0,0,0.0,0.0076,-1.2063,261.33,-0.0784,0.929,0.0,AES-256 (ECB)
6.523284765557392,0,0,0,0.0598,-1.3051,268.0,0.1756,0.9209,0.0,AES-256 (GCM)
7.646435299028174,0,0,0,-0.0057,-1.1951,223.0,0.0021,0.979,0.0059,AES-256 (CTR)
7.203482223562048,0,0,0.0,-0.0425,-1.2724,256.94,0.0432,0.9611,0.0,AES-128 (CBC)
5.978055907333273,0,0,0.0,0.3447,-1.0628,272.0,0.0378,0.8791,0.0,AES-128 (ECB)
5.90625,0,0,0,0.2427,-1.0367,216.0,-0.2764,0.8533,0.0,AES-128 (GCM)
7.535989827530823,0,0,0,-0.0032,-1.1134,293.0,-0.03,0.979,0.0039,AES-128 (CTR)
7.812592072220079,0,0,0.0,0.0252,-1.2329,252.31,0.0372,0.9895,0.0115,AES-192 (CBC)
7.8010068391991485,0,0,0.0,0.0964,-1.2038,260.68,0.0291,0.9895,0.0096,AES-192 (ECB)
7.515274782810536,0,0,0,-0.05,-1.1609,304.0,0.1016,0.979,0.0059,AES-192 (GCM)
7.564241673489065,0,0,0,0.0117,-1.2618,262.0,-0.0229,0.979,0.0039,AES-192 (CTR)
6.6594404528011655,0,0,0.0,0.0099,-1.1663,254.22,-0.0414,0.929,0.0,AES-256 (CBC)
5.903055907333271,0,0,0.0,0.0592,-1.1643,291.2,0.0727,0.8791,0.0,AES-256 (ECB)
6.638557324168044,0,0,0,0.2028,-1.1628,228.0,-0.0922,0.9209,0.0,AES-256 (GCM)
7.280063427641414,0,0,0,0.0464,-1.2001,210.0,-0.1096,0.9588,0.0039,AES-256 (CTR)
7.810654458470295,0,0,0.0,0.0699,-1.163,262.65,-0.0268,0.9895,0.0077,AES-128 (CBC)
6.062492001110314,0,0,0.0,0.0698,-1.2007,246.4,0.0293,0.8791,0.0,AES-128 (ECB)
7.818533169527484,0,0,0,-0.0905,-1.1645,243.5,-0.0152,0.9894,0.0059,AES-128 (GCM)
7.154130494213572,0,0,0,0.0613,-1.2236,284.0,0.0008,0.9588,0.0039,AES-128 (CTR)
6.012492001110315,0,0,0.0,-0.1818,-1.2771,259.2,-0.1014,0.8791,0.0,AES-192 (CBC)
6.654198178480586,0,0,0.0,-0.0473,-1.3665,250.67,-0.0819,0.929,0.0,AES-192 (ECB)
7.127100476484885,0,0,0,-0.0642,-1.1138,290.0,-0.0394,0.9588,0.0,AES-192 (GCM)
6.654182324168044,0,0,0,0.018,-1.3397,224.0,0.1168,0.9209,0.0,AES-192 (CTR)
7.576182461246846,0,0,0.0,0.0423,-1.2518,269.09,0.067,0.9796,0.0057,AES-256 (CBC)
7.8167773430461045,0,0,0.0,-0.0104,-1.2216,244.92,-0.0059,0.9895,0.0029,AES-256 (ECB)
7.817968142260364,0,0,0,-0.0382,-1.2748,253.5,-0.0145,0.9894,0.0137,AES-256 (GCM)
6.451057324168044,0,0,0,-0.0586,-1.2282,292.0,-0.0673,0.9209,0.0,AES-256 (CTR)
6.685380296506095,0,0,0.0,0.0568,-1.1917,247.11,-0.0223,0.929,0.0,AES-128 (CBC)
7.606314949216266,0,0,0.0,0.0074,-1.1448,243.88,-0.038,0.9796,0.0,AES-128 (ECB)
7.606415328333498,0,0,0,0.0472,-1.1766,236.0,0.0094,0.979,0.0,AES-128 (GCM)
7.7912892465079855,0,0,0,0.0088,-1.2228,268.5,-0.0283,0.9894,0.0127,AES-128 (CTR)
7.695225553997369,0,0,0.0,0.0096,-1.2307,192.48,0.0517,0.9796,0.0019,AES-192 (CBC)
7.594329775121657,0,0,0.0,0.0188,-1.2259,262.3,-0.0232,0.9796,0.0038,AES-192 (ECB)
7.587092946742503,0,0,0,0.0324,-1.1666,261.0,-0.0793,0.979,0.002,AES-192 (GCM)
7.590242135096206,0,0,0,0.0168,-1.1965,268.0,0.0286,0.979,0.0059,AES-192 (CTR)
7.533539772266633,0,0,0.0,0.0055,-1.2459,290.42,-0.0126,0.9796,0.0038,AES-256 (CBC)
7.84414347671644,0,0,0.0,-0.0121,-1.2395,204.55,-0.0176,0.9895,0.0067,AES-256 (ECB)
5.769454882778696,0,0,0,0.078,-1.1112,256.0,0.2039,0.8533,0.0,AES-256 (GCM)
5.96875,0,0,0,0.0083,-1.2239,200.0,-0.042,0.8533,0.0,AES-256 (CTR)
7.581114422794593,0,0,0.0,-0.0875,-1.0416,269.09,-0.0113,0.9796,0.0057,AES-128 (CBC)
7.612847164275972,0,0,0.0,0.0144,-1.2272,239.03,-0.0063,0.9796,0.0019,AES-128 (ECB)
7.196921972504132,0,0,0,0.0952,-1.2175,240.0,0.1176,0.9588,0.0,AES-128 (GCM)
6.591682324168044,0,0,0,-0.062,-1.1275,240.0,0.0539,0.9209,0.0,AES-128 (CTR)
7.235207188573412,0,0,0.0,-0.1692,-1.1577,247.53,0.0431,0.9611,0.0,AES-192 (CBC)
6.5273602444077365,0,0,0.0,-0.1496,-1.2382,311.11,-0.0336,0.929,0.0,AES-192 (ECB)
7.790713836352828,0,0,0,0.0236,-1.2079,278.5,0.0246,0.9894,0.0108,AES-192 (GCM)
7.1459278947209555,0,0,0,-0.0579,-1.2158,276.0,0.0196,0.9588,0.0039,AES-192 (CTR)
6.638471355518849,0,0,0.0,0.1951,-1.1214,268.44,0.0284,0.929,0.007,AES-256 (CBC)
6.570864845147253,0,0,0.0,-0.2084,-1.1691,286.22,0.02,0.929,0.0,AES-256 (ECB)
5.800704882778696,0,0,0,-0.0842,-1.1641,248.0,0.1807,0.8533,0.0,AES-256 (GCM)
7.152605652316841,0,0,0,0.2026,-1.1487,264.0,0.0019,0.9588,0.0,AES-256 (CTR)
7.228316368790589,0,0,0.0,0.0172,-1.0382,249.41,-0.0023,0.9611,0.0,AES-128 (CBC)
6.666249133296627,0,0,0.0,0.2137,-1.1844,254.22,0.1061,0.929,0.0,AES-128 (ECB)
7.170535693198806,0,0,0,-0.1455,-1.1958,248.0,0.0069,0.9588,0.0,AES-128 (GCM)
7.807319874866461,0,0,0,0.0381,-1.2468,253.5,-0.0687,0.9894,0.0088,AES-128 (CTR)
7.1662066151524275,0,0,0.0,-0.0519,-1.3747,273.88,-0.0857,0.9611,0.0074,AES-192 (CBC)
7.6018497637987,0,0,0.0,0.0415,-1.1142,243.88,-0.0004,0.9796,0.0057,AES-192 (ECB)
6.540977441389348,0,0,0,0.0766,-1.3281,256.0,0.0687,0.9209,0.0,AES-192 (GCM)
6.47051220694674,0,0,0,0.0473,-1.2017,276.0,0.0904,0.9209,0.0,AES-192 (CTR)
7.5919820013100665,0,0,0.0,-0.0461,-1.2669,256.48,-0.0456,0.9796,0.0038,AES-256 (CBC)
7.586654834807917,0,0,0.0,0.0232,-1.1916,267.15,-0.0201,0.9796,0.0,AES-256 (ECB)
5.675704882778696,0,0,0,-0.1045,-0.9835,280.0,-0.0499,0.8533,0.0,AES-256 (GCM)
5.875,0,0,0,0.2854,-1.0184,224.0,0.031,0.8533,0.0,AES-256 (CTR)
7.8114289694219226,0,0,0.0,-0.0864,-1.1959,252.8,-0.0462,0.9895,0.0058,AES-128 (CBC)
7.255176214197354,0,0,0.0,0.004,-1.3331,232.47,0.096,0.9611,0.0037,AES-128 (ECB)
7.140319531114784,0,0,0,0.145,-1.0879,272.0,-0.0479,0.9588,0.0,AES-128 (GCM)
5.769454882778696,0,0,0,-0.0018,-1.1934,256.0,-0.07,0.8533,0.0,AES-128 (CTR)
7.216385808136778,0,0,0.0,0.0375,-1.1628,251.29,0.0125,0.9611,0.0,AES-192 (CBC)
6.062492001110315,0,0,0.0,0.0821,-1.321,246.4,-0.1094,0.8791,0.0,AES-192 (ECB)
7.150300611434876,0,0,0,-0.0925,-1.2192,268.0,-0.0843,0.9588,0.0118,AES-192 (GCM)
7.138895593706189,0,0,0,-0.0481,-1.2619,274.0,0.0375,0.9588,0.0,AES-192 (CTR)
7.807800380842031,0,0,0.0,-0.0086,-1.2089,248.86,-0.04,0.9895,0.0106,AES-256 (CBC)
7.8232004962292,0,0,0.0,-0.0263,-1.1934,247.88,0.0217,0.9895,0.0106,AES-256 (ECB)
5.738204882778696,0,0,0,0.3004,-1.1453,264.0,-0.1898,0.8533,0.0,AES-256 (GCM)
5.663909765557392,0,0,0,0.1621,-0.8984,288.0,0.0943,0.8533,0.0,AES-256 (CTR)
6.668087067369476,0,0,0.0,0.0744,-1.1795,254.22,-0.0835,0.929,0.0,AES-128 (CBC)
6.028055907333272,0,0,0.0,-0.093,-1.0696,259.2,-0.0161,0.8791,0.0127,AES-128 (ECB)
7.609722932852138,0,0,0,-0.0695,-1.1477,244.0,0.031,0.979,0.002,AES-128 (GCM)
7.82818133556594,0,0,0,0.0445,-1.1681,242.5,-0.006,0.9894,0.0059,AES-128 (CTR)
7.805811022572252,0,0,0.0,-0.0561,-1.1673,262.65,-0.0019,0.9895,0.0144,AES-192 (CBC)
5.978055907333273,0,0,0.0,0.0664,-1.2159,272.0,0.0257,0.8791,0.0,AES-192 (ECB)
7.203853369030762,0,0,0,-0.0051,-1.298,240.0,0.0153,0.9588,0.0,AES-192 (GCM)
5.8125,0,0,0,-0.3095,-1.1678,240.0,-0.0817,0.8533,0.0,AES-192 (CTR)
7.183831569268126,0,0,0.0,0.0015,-1.0828,266.35,0.1317,0.9611,0.0037,AES-256 (CBC)
5.937492001110315,0,0,0.0,0.2289,-1.3246,278.4,0.0039,0.8791,0.0,AES-256 (ECB)
7.523472023001086,0,0,0,-0.0052,-1.0111,302.0,-0.0848,0.979,0.002,AES-256 (GCM)
7.22227441389348,0,0,0,0.018,-1.2309,232.0,0.1134,0.9588,0.0039,AES-256 (CTR)
7.625908900927937,0,0,0.0,0.0367,-1.2457,237.09,0.0302,0.9796,0.0057,AES-128 (CBC)
7.820715356774437,0,0,0.0,0.0519,-1.1468,240.0,0.0009,0.9895,0.0106,AES-128 (ECB)
5.71875,0,0,0,0.0636,-1.2115,264.0,-0.0029,0.8533,0.0,AES-128 (GCM)
7.25176220694674,0,0,0,0.0081,-1.1923,220.0,-0.0319,0.9588,0.0039,AES-128 (CTR)
7.190945791450956,0,0,0.0,-0.0066,-0.9945,264.47,-0.0159,0.9611,0.0037,AES-192 (CBC)
7.831728777128556,0,0,0.0,-0.019,-1.1862,218.83,0.003,0.9895,0.0019,AES-192 (ECB)
6.51738720694674,0,0,0,0.0047,-1.1607,264.0,-0.0218,0.9209,0.0,AES-192 (GCM)
7.558972957131442,0,0,0,0.1797,-1.1675,271.0,-0.0427,0.979,0.002,AES-192 (CTR)
7.64688914997869,0,0,0.0,-0.1918,-1.1625,227.39,0.0451,0.9796,0.0057,AES-256 (CBC)
6.037492001110314,0,0,0.0,-0.2183,-1.2315,252.8,0.03,0.8791,0.0,AES-256 (ECB)
5.613204882778696,0,0,0,0.0634,-1.0613,296.0,0.0112,0.8533,0.0,AES-256 (GCM)
7.56265288310583,0,0,0,0.0925,-1.1347,265.0,-0.0193,0.979,0.0059,AES-256 (CTR)
6.735693577741072,0,0,0.0,0.2024,-1.0659,236.44,-0.0267,0.929,0.0,AES-128 (CBC)
7.204311497419338,0,0,0.0,-0.1557,-1.0878,258.82,-0.0594,0.9611,0.0037,AES-128 (ECB)
6.57988720694674,0,0,0,0.0916,-1.1709,248.0,-0.087,0.9209,0.0,AES-128 (GCM)
7.235984472504132,0,0,0,-0.1235,-1.1773,230.0,0.0107,0.9588,0.0,AES-128 (CTR)
7.826522762318068,0,0,0.0,-0.0221,-1.2038,230.65,0.018,0.9895,0.0077,AES-192 (CBC)
7.2600413338019525,0,0,0.0,0.036,-1.22,236.24,0.1468,0.9611,0.0,AES-192 (ECB)
6.560432324168044,0,0,0,0.1483,-1.2184,248.0,-0.0001,0.9209,0.0,AES-192 (GCM)
7.29170581042011,0,0,0,-0.1215,-1.2143,208.0,-0.0591,0.9588,0.0,AES-192 (CTR)
6.619340192309379,0,0,0.0,-0.318,-1.0459,268.44,0.1863,0.929,0.0,AES-256 (CBC)
6.7270469631727625,0,0,0.0,-0.1327,-1.2022,236.44,-0.0022,0.929,0.0,AES-256 (ECB)
5.8125,0,0,0,0.1525,-1.0115,240.0,-0.0579,0.8533,0.0,AES-256 (GCM)
7.560952169427555,0,0,0,-0.0864,-1.23,277.0,0.0288,0.979,0.0059,AES-256 (CTR)
6.732289237493343,0,0,0.0,0.1007,-1.0738,240.0,-0.0389,0.929,0.0,AES-128 (CBC)
7.582311580985741,0,0,0.0,-0.0337,-1.2356,272.97,-0.0519,0.9796,0.0038,AES-128 (ECB)
6.622932324168044,0,0,0,-0.0095,-1.3713,232.0,-0.0937,0.9209,0.0,AES-128 (GCM)
6.47051220694674,0,0,0,-0.1696,-1.0664,276.0,0.0427,0.9209,0.0079,AES-128 (CTR)
7.225541047091461,0,0,0.0,0.0336,-1.1603,258.82,-0.0045,0.9611,0.0,AES-192 (CBC)
7.233261140731571,0,0,0.0,0.0757,-1.1701,247.53,0.0424,0.9611,0.0,AES-192 (ECB)
5.8125,0,0,0,-0.2815,-1.1925,240.0,-0.0638,0.8533,0.0,AES-192 (GCM)
7.589933762126962,0,0,0,-0.0825,-1.213,263.0,0.083,0.979,0.0039,AES-192 (CTR)
7.8074296196266095,0,0,0.0,-0.0814,-1.1922,252.31,0.0827,0.9895,0.0087,AES-256 (CBC)
7.790265996094694,0,0,0.0,0.0053,-1.2192,276.43,-0.0297,0.9895,0.0067,AES-256 (ECB)
7.578726571782884,0,0,0,-0.0369,-1.204,260.0,0.0418,0.979,0.002,AES-256 (GCM)
7.15889331042011,0,0,0,-0.1472,-1.0743,258.0,0.0427,0.9588,0.0,AES-256 (CTR)
7.623501809930209,0,0,0.0,0.0363,-1.2225,253.58,-0.0322,0.9796,0.0038,AES-128 (CBC)
7.182252673889925,0,0,0.0,-0.1036,-1.1528,275.76,0.0748,0.9611,0.0037,AES-128 (ECB)
7.8188175439837195,0,0,0,-0.0144,-1.229,242.5,0.0051,0.9894,0.0039,AES-128 (GCM)
6.597579882778696,0,0,0,-0.0774,-1.1442,236.0,-0.048,0.9209,0.0,AES-128 (CTR)
7.8031297556771495,0,0,0.0,-0.048,-1.1711,265.11,0.008,0.9895,0.0096,AES-192 (CBC)
7.601245465376208,0,0,0.0,-0.0348,-1.2585,251.64,-0.1078,0.9796,0.0076,AES-192 (ECB)
7.632039186690459,0,0,0,0.0085,-1.1673,226.0,-0.0475,0.979,0.002,AES-192 (GCM)
7.80379697623786,0,0,0,0.0273,-1.1715,251.5,0.0015,0.9894,0.0059,AES-192 (CTR)
7.816532724374055,0,0,0.0,0.0031,-1.2175,250.34,-0.0699,0.9895,0.0067,AES-256 (CBC)
7.808573216543878,0,0,0.0,-0.0251,-1.2038,251.82,-0.0229,0.9895,0.0115,AES-256 (ECB)
6.581954882778696,0,0,0,-0.0341,-1.1994,240.0,-0.0461,0.9209,0.0,AES-256 (GCM)
7.836598057719177,0,0,0,-0.0461,-1.2069,219.5,-0.0129,0.9894,0.0078,AES-256 (CTR)
7.791881600273442,0,0,0.0,-0.0068,-1.1973,256.74,-0.0525,0.9895,0.0087,AES-128 (CBC)
6.112492001110314,0,0,0.0,-0.0017,-1.0907,233.6,0.0852,0.8791,0.0,AES-128 (ECB)
7.562988248559945,0,0,0,-0.0224,-1.1968,272.0,-0.0018,0.979,0.002,AES-128 (GCM)
5.769454882778696,0,0,0,0.1289,-1.2875,256.0,0.0347,0.8533,0.0,AES-128 (CTR)
7.151490644701473,0,0,0.0,0.0156,-1.1507,292.71,-0.0949,0.9611,0.0037,AES-192 (CBC)
5.978055907333271,0,0,0.0,0.1731,-1.2106,272.0,0.1336,0.8791,0.0,AES-192 (ECB)
5.8125,0,0,0,-0.2113,-1.371,240.0,-0.1926,0.8533,0.0,AES-192 (GCM)
6.644454882778696,0,0,0,-0.1336,-1.291,224.0,-0.0813,0.9209,0.0,AES-192 (CTR)
7.322102306306499,0,0,0.0,0.0689,-1.1697,211.76,0.0006,0.9611,0.0037,AES-256 (CBC)
7.801970038969327,0,0,0.0,-0.0134,-1.1753,272.49,-0.0317,0.9895,0.0048,AES-256 (ECB)
7.7917168825836445,0,0,0,0.032,-1.2414,280.0,-0.0144,0.9894,0.0108,AES-256 (GCM)
5.71875,0,0,0,-0.1205,-1.2766,264.0,0.1174,0.8533,0.0,AES-256 (CTR)
7.542972442704793,0,0,0.0,-0.0203,-1.2164,298.18,-0.015,0.9796,0.0057,AES-128 (CBC)
7.842071223834139,0,0,0.0,-0.0147,-1.2454,223.26,0.0154,0.9895,0.0106,AES-128 (ECB)
7.158350476484885,0,0,0,-0.0512,-1.2226,266.0,0.013,0.9588,0.0,AES-128 (GCM)
5.8125,0,0,0,-0.3942,-1.0581,240.0,-0.1748,0.8533,0.0,AES-128 (CTR)
5.903055907333271,0,0,0.0,0.0678,-1.2386,291.2,0.014,0.8791,0.0,AES-192 (CBC)
6.037492001110315,0,0,0.0,0.1106,-1.305,252.8,-0.0551,0.8791,0.0,AES-192 (ECB)
6.607307324168044,0,0,0,0.108,-1.2406,236.0,-0.1364,0.9209,0.0,AES-192 (GCM)
7.8388507196063255,0,0,0,-0.0269,-1.1733,214.5,-0.0394,0.9894,0.0078,AES-192 (CTR)
6.7983293416900565,0,0,0.0,0.1388,-1.1787,211.56,0.0087,0.929,0.007,AES-256 (CBC)
7.134386681211053,0,0,0.0,-0.0305,-1.0878,285.18,-0.0736,0.9611,0.0,AES-256 (ECB)
7.109170435602921,0,0,0,-0.1083,-1.1606,282.0,0.0054,0.9588,0.0039,AES-256 (GCM)
5.8125,0,0,0,-0.1324,-1.3178,240.0,0.2615,0.8533,0.0,AES-256 (CTR)
7.205284521340255,0,0,0.0,-0.0155,-1.0658,251.29,0.0127,0.9611,0.0037,AES-128 (CBC)
6.62458246662996,0,0,0.0,0.1765,-1.3691,264.89,-0.0491,0.929,0.007,AES-128 (ECB)
6.492034765557392,0,0,0,-0.1483,-1.1338,268.0,0.1607,0.9209,0.0,AES-128 (GCM)
7.58441558440479,0,0,0,-0.0987,-1.132,269.0,0.0521,0.979,0.0039,AES-128 (CTR)
7.603858934830345,0,0,0.0,0.0124,-1.183,249.7,-0.0088,0.9796,0.0095,AES-192 (CBC)
6.709753734036143,0,0,0.0,0.1391,-1.1041,236.44,-0.0524,0.929,0.0,AES-192 (ECB)
7.550607982099718,0,0,0,-0.0181,-1.1546,271.0,-0.0515,0.979,0.0039,AES-192 (GCM)
7.593072231876528,0,0,0,-0.0097,-1.1015,254.0,0.0627,0.979,0.002,AES-192 (CTR)
7.822481976360982,0,0,0.0,-0.0287,-1.2008,239.02,-0.0367,0.9895,0.0038,AES-256 (CBC)
7.274236313627625,0,0,0.0,-0.1348,-1.2731,232.47,0.0217,0.9611,0.0,AES-256 (ECB)
7.096494214908246,0,0,0,0.0728,-1.248,288.0,0.0947,0.9588,0.0118,AES-256 (GCM)
6.554534765557392,0,0,0,0.0183,-1.1503,252.0,-0.0452,0.9209,0.0,AES-256 (CTR)
6.112492001110314,0,0,0.0,0.1236,-1.3718,233.6,-0.0237,0.8791,0.0,AES-128 (CBC)
7.817388775111384,0,0,0.0,0.0559,-1.2346,264.12,-0.0324,0.9895,0.0106,AES-128 (ECB)
7.609477430861761,0,0,0,-0.0005,-1.2184,246.0,-0.0275,0.979,0.0059,AES-128 (GCM)
6.544807324168044,0,0,0,0.0019,-0.9013,260.0,-0.0306,0.9209,0.0,AES-128 (CTR)
7.812902155042585,0,0,0.0,-0.0142,-1.2245,269.05,0.0115,0.9895,0.0067,AES-192 (CBC)
7.818871287819491,0,0,0.0,-0.0376,-1.1634,256.25,0.0281,0.9895,0.0067,AES-192 (ECB)
6.488204882778696,0,0,0,0.0931,-1.1117,280.0,0.0719,0.9209,0.0,AES-192 (GCM)
5.644454882778696,0,0,0,-0.1168,-0.8861,288.0,0.0449,0.8533,0.0,AES-192 (CTR)
7.830971960956732,0,0,0.0,-0.0571,-1.2584,225.72,-0.0548,0.9895,0.0038,AES-256 (CBC)
5.903055907333272,0,0,0.0,0.3813,-1.0351,304.0,0.0636,0.8791,0.0,AES-256 (ECB)
5.757659765557392,0,0,0,-0.0072,-1.1241,264.0,0.057,0.8533,0.0,AES-256 (GCM)
6.507659765557392,0,0,0,-0.0644,-1.1767,264.0,0.0021,0.9209,0.0,AES-256 (CTR)
6.018619813556227,0,0,0.0,-0.0866,-1.0819,265.6,-0.0323,0.8791,0.0,AES-128 (CBC)
7.612578775165976,0,0,0.0,-0.0281,-1.2514,256.48,-0.0201,0.9796,0.0019,AES-128 (ECB)
7.603560694286345,0,0,0,0.1089,-1.2204,251.0,0.0218,0.979,0.0039,AES-128 (GCM)
7.805661576666248,0,0,0,0.0447,-1.1681,269.5,-0.0128,0.9894,0.0049,AES-128 (CTR)
7.141372469923883,0,0,0.0,-0.0446,-1.1486,288.94,0.0089,0.9611,0.0,AES-192 (CBC)
7.191040760380972,0,0,0.0,-0.0092,-1.2843,270.12,-0.0371,0.9611,0.0037,AES-192 (ECB)
7.207784156297594,0,0,0,0.0196,-1.3386,250.0,-0.0567,0.9588,0.0,AES-192 (GCM)
5.788909765557392,0,0,0,-0.1303,-1.0447,256.0,-0.0205,0.8533,0.0,AES-192 (CTR)
6.76006701527112,0,0,0.0,-0.0871,-1.1135,225.78,0.0492,0.929,0.0,AES-256 (CBC)
6.003055907333271,0,0,0.0,-0.3362,-1.088,265.6,0.0163,0.8791,0.0,AES-256 (ECB)
6.529182324168044,0,0,0,0.0133,-1.134,264.0,-0.0269,0.9209,0.0,AES-256 (GCM)
7.227290869030762,0,0,0,0.04,-1.3151,230.0,-0.0818,0.9588,0.0,AES-256 (CTR)
7.601396387583857,0,0,0.0,-0.0253,-1.2487,262.3,0.0538,0.9796,0.0057,AES-128 (CBC)
7.810105606496707,0,0,0.0,0.0265,-1.2038,264.62,0.0165,0.9895,0.0077,AES-128 (ECB)
7.815667406282527,0,0,0,0.0203,-1.2512,252.5,-0.0076,0.9894,0.0068,AES-128 (GCM)
7.219969373011516,0,0,0,-0.0183,-1.2459,236.0,-0.0434,0.9588,0.0078,AES-128 (CTR)
7.816791372161675,0,0,0.0,0.0197,-1.2048,248.86,0.0306,0.9895,0.0067,AES-192 (CBC)
7.558167684345518,0,0,0.0,-0.0614,-1.2449,285.58,-0.0442,0.9796,0.0019,AES-192 (ECB)
7.615179939726105,0,0,0,0.0845,-1.1957,241.0,0.0133,0.979,0.002,AES-192 (GCM)
6.5625,0,0,0,-0.0211,-1.1954,248.0,-0.1061,0.9209,0.0,AES-192 (CTR)
7.2259081995551,0,0,0.0,0.0108,-1.2301,245.65,0.0011,0.9611,0.0037,AES-256 (CBC)
6.702673525642714,0,0,0.0,0.1362,-1.1439,247.11,-0.0219,0.929,0.0,AES-256 (ECB)
7.800499005752537,0,0,0,0.0726,-1.1547,261.5,0.0239,0.9894,0.0059,AES-256 (GCM)
6.507659765557392,0,0,0,0.0716,-1.1645,272.0,-0.1073,0.9209,0.0,AES-256 (CTR)
7.578994317721178,0,0,0.0,0.0828,-1.1809,263.27,0.008,0.9796,0.0019,AES-128 (CBC)
6.009183719779184,0,0,0.0,-0.1079,-1.363,272.0,0.0549,0.8791,0.0,AES-128 (ECB)
7.197565710927493,0,0,0,-0.1217,-1.238,242.0,0.0869,0.9588,0.0039,AES-128 (GCM)
6.516607007961507,0,0,0,0.1093,-1.2585,276.0,0.0903,0.9209,0.0,AES-128 (CTR)
6.071928094887358,0,0,0.0,-0.069,-1.378,240.0,-0.1156,0.8791,0.0,AES-192 (CBC)
5.937492001110315,0,0,0.0,-0.0994,-1.0354,278.4,-0.068,0.8791,0.0,AES-192 (ECB)
7.818586612734103,0,0,0,-0.0573,-1.2298,247.5,0.0126,0.9894,0.0098,AES-192 (GCM)
7.583413020768116,0,0,0,0.0378,-1.0964,255.0,-0.0351,0.979,0.0078,AES-192 (CTR)
7.81804886767992,0,0,0.0,0.0146,-1.21,244.43,0.0017,0.9895,0.0135,AES-256 (CBC)
6.773262393950914,0,0,0.0,0.1016,-1.2249,232.89,-0.1161,0.929,0.0,AES-256 (ECB)
7.788159602553992,0,0,0,-0.0051,-1.2259,274.0,-0.027,0.9894,0.002,AES-256 (GCM)
7.199870751809458,0,0,0,0.0843,-1.1238,242.0,-0.0762,0.9588,0.0,AES-256 (CTR)
7.801120791265928,0,0,0.0,0.0965,-1.1754,266.09,0.005,0.9895,0.0077,AES-128 (CBC)
7.303648078333508,0,0,0.0,0.0814,-1.2672,224.94,-0.0065,0.9611,0.0074,AES-128 (ECB)
7.78065231005472,0,0,0,-0.0659,-1.1811,289.5,-0.0012,0.9894,0.0108,AES-128 (GCM)
7.815584724643371,0,0,0,0.0717,-1.1913,250.5,-0.0302,0.9894,0.0088,AES-128 (CTR)
6.681975956258365,0,0,0.0,-0.121,-1.1938,250.67,0.009,0.929,0.0,AES-192 (CBC)
6.087492001110314,0,0,0.0,-0.134,-0.9584,240.0,-0.1565,0.8791,0.0,AES-192 (ECB)
7.146317994213572,0,0,0,0.0387,-1.1208,266.0,-0.003,0.9588,0.0,AES-192 (GCM)
6.716682324168044,0,0,0,0.1082,-1.2733,208.0,0.0921,0.9209,0.0,AES-192 (CTR)
7.202509199641131,0,0,0.0,-0.0369,-1.2825,264.47,0.0007,0.9611,0.0074,AES-256 (CBC)
5.946928094887358,0,0,0.0,-0.0155,-1.1839,284.8,-0.1033,0.8791,0.0,AES-256 (ECB)
6.654182324168044,0,0,0,0.0681,-1.1979,224.0,-0.0125,0.9209,0.0,AES-256 (GCM)
7.582909598052563,0,0,0,0.1163,-1.1617,259.0,-0.0363,0.979,0.0,AES-256 (CTR)
7.211664438595809,0,0,0.0,0.0005,-1.1439,256.94,-0.0659,0.9611,0.0037,AES-128 (CBC)
7.627924626364399,0,0,0.0,0.0459,-1.273,249.7,-0.001,0.9796,0.0114,AES-128 (ECB)
7.606019869538814,0,0,0,0.0934,-1.2494,258.0,-0.002,0.979,0.0039,AES-128 (GCM)
7.6261675430570435,0,0,0,-0.1414,-1.2463,236.0,-0.0352,0.979,0.002,AES-128 (CTR)
7.8135273724890935,0,0,0.0,0.0066,-1.2083,245.91,-0.0213,0.9895,0.0067,AES-192 (CBC)
7.796307111137568,0,0,0.0,0.004,-1.1476,273.97,0.0035,0.9895,0.0058,AES-192 (ECB)
6.507659765557392,0,0,0,-0.0025,-1.1417,272.0,0.0378,0.9209,0.0,AES-192 (GCM)
5.769454882778696,0,0,0,-0.1546,-1.1012,256.0,-0.0982,0.8533,0.0,AES-192 (CTR)
7.792541319066037,0,0,0.0,0.023,-1.2179,294.65,0.0155,0.9895,0.0058,AES-256 (CBC)
7.229512795111523,0,0,0.0,0.0386,-1.2548,245.65,0.0238,0.9611,0.0,AES-256 (ECB)
7.623364761181853,0,0,0,-0.1308,-1.194,231.0,0.0373,0.979,0.0,AES-256 (GCM)
6.417739648336088,0,0,0,-0.0594,-1.1729,292.0,0.1278,0.9209,0.0079,AES-256 (CTR)
5.987492001110315,0,0,0.0,0.0274,-1.1982,265.6,0.0831,0.8791,0.0,AES-128 (CBC)
7.605979039903765,0,0,0.0,0.0036,-1.2212,249.7,0.0415,0.9796,0.0076,AES-128 (ECB)
5.75,0,0,0,-0.0701,-1.131,256.0,-0.0672,0.8533,0.0,AES-128 (GCM)
6.613204882778696,0,0,0,0.0529,-1.2873,240.0,0.1109,0.9209,0.0,AES-128 (CTR)
7.181423400032637,0,0,0.0,0.0586,-1.1886,273.88,0.0981,0.9611,0.0,AES-192 (CBC)
7.608770963602172,0,0,0.0,0.0927,-1.1474,238.06,-0.0422,0.9796,0.0038,AES-192 (ECB)
7.8183812851502115,0,0,0,-0.0158,-1.1655,250.5,0.0117,0.9894,0.0049,AES-192 (GCM)
7.226257031114784,0,0,0,-0.0106,-1.2221,238.0,-0.0254,0.9588,0.0,AES-192 (CTR)
6.711591668108993,0,0,0.0,-0.17,-1.3452,243.56,0.0344,0.929,0.0,AES-256 (CBC)
7.565809604617939,0,0,0.0,0.0236,-1.1209,290.42,0.0122,0.9796,0.0019,AES-256 (ECB)
7.592637039441911,0,0,0,0.0708,-1.2194,241.0,-0.0316,0.979,0.0,AES-256 (GCM)
7.616264229886152,0,0,0,-0.0107,-1.1537,250.0,0.0476,0.979,0.0039,AES-256 (CTR)
6.742773786134502,0,0,0.0,0.0148,-0.9475,225.78,-0.0333,0.929,0.0,AES-128 (CBC)
7.158699835814316,0,0,0.0,-0.1457,-1.1862,292.71,-0.0516,0.9611,0.0037,AES-128 (ECB)
7.544767935165866,0,0,0,-0.0128,-1.1741,288.0,-0.0035,0.979,0.0098,AES-128 (GCM)
7.572393820737614,0,0,0,-0.0715,-1.196,265.0,0.0008,0.979,0.002,AES-128 (CTR)
6.046928094887357,0,0,0.0,-0.2459,-0.8438,246.4,-0.0429,0.8791,0.0,AES-192 (CBC)
7.55193034557654,0,0,0.0,-0.055,-1.2607,291.39,-0.0172,0.9796,0.0038,AES-192 (ECB)
7.195007031114784,0,0,0,-0.1609,-1.1333,238.0,0.079,0.9588,0.0,AES-192 (GCM)
6.460784765557392,0,0,0,0.0829,-1.1837,284.0,0.0223,0.9209,0.0079,AES-192 (CTR)
7.59938855251381,0,0,0.0,-0.0428,-1.2281,245.82,0.0114,0.9796,0.0019,AES-256 (CBC)
6.577673525642712,0,0,0.0,-0.1772,-1.3776,279.11,0.0755,0.929,0.0,AES-256 (ECB)
6.572227441389348,0,0,0,-0.094,-1.1675,248.0,-0.0745,0.9209,0.0,AES-256 (GCM)
6.523284765557392,0,0,0,-0.2255,-1.1357,260.0,-0.1453,0.9209,0.0,AES-256 (CTR)
7.6084298573907025,0,0,0.0,0.0064,-1.2383,263.27,0.087,0.9796,0.0038,AES-128 (CBC)
7.272801168313055,0,0,0.0,-0.0438,-1.1522,232.47,-0.059,0.9611,0.0074,AES-128 (ECB)
7.80412426091128,0,0,0,0.0722,-1.1717,256.0,-0.0326,0.9894,0.0068,AES-128 (GCM)
5.831954882778696,0,0,0,-0.1303,-1.2231,240.0,-0.0497,0.8533,0.0,AES-128 (CTR)
7.592984510804344,0,0,0.0,-0.1092,-1.0392,264.24,-0.0372,0.9796,0.0057,AES-192 (CBC)
6.087492001110315,0,0,0.0,0.1048,-1.2866,240.0,0.0183,0.8791,0.0,AES-192 (ECB)
7.81129455818512,0,0,0,0.0163,-1.2041,255.5,0.0435,0.9894,0.0049,AES-192 (GCM)
7.790665386905544,0,0,0,-0.0228,-1.2014,292.0,-0.0518,0.9894,0.0039,AES-192 (CTR)
7.570574863225208,0,0,0.0,0.0984,-1.2076,285.58,-0.0144,0.9796,0.0019,AES-256 (CBC)
7.215779936679496,0,0,0.0,-0.073,-1.2856,245.65,-0.0023,0.9611,0.0,AES-256 (ECB)
6.566329882778696,0,0,0,0.1025,-1.2079,244.0,0.0483,0.9209,0.0,AES-256 (GCM)
7.53098150933391,0,0,0,-0.1119,-1.1589,299.0,-0.0816,0.979,0.0059,AES-256 (CTR)
7.597506822626465,0,0,0.0,0.0197,-1.1172,273.94,0.0371,0.9796,0.0057,AES-128 (CBC)
7.8246647611927145,0,0,0.0,0.0322,-1.1838,245.91,0.034,0.9895,0.0115,AES-128 (ECB)
5.8125,0,0,0,0.2288,-1.129,240.0,-0.1988,0.8533,0.0,AES-128 (GCM)
7.537105391970173,0,0,0,0.082,-1.1068,292.0,0.1304,0.979,0.0039,AES-128 (CTR)
6.541249133296626,0,0,0.0,0.0051,-1.0925,293.33,-0.039,0.929,0.0,AES-192 (CBC)
7.241443355765334,0,0,0.0,0.1019,-1.0528,236.24,0.08,0.9611,0.0,AES-192 (ECB)
7.809732570286233,0,0,0,-0.0123,-1.2098,258.5,-0.0037,0.9894,0.0088,AES-192 (GCM)
6.585784765557392,0,0,0,0.0369,-1.1894,244.0,0.0547,0.9209,0.0,AES-192 (CTR)
7.197102306306499,0,0,0.0,0.0131,-1.3336,266.35,0.0676,0.9611,0.0037,AES-256 (CBC)
7.808759469146131,0,0,0.0,0.0497,-1.1457,248.86,0.0142,0.9895,0.0106,AES-256 (ECB)
6.523284765557392,0,0,0,-0.2172,-1.1345,260.0,0.0136,0.9209,0.0,AES-256 (GCM)
7.8035925548789775,0,0,0,-0.0473,-1.2569,270.0,0.0641,0.9894,0.0049,AES-256 (CTR)
6.037492001110315,0,0,0.0,-0.011,-1.0245,252.8,0.035,0.8791,0.0,AES-128 (CBC)
6.053055907333271,0,0,0.0,0.0334,-1.0391,252.8,0.1448,0.8791,0.0127,AES-128 (ECB)
5.75,0,0,0,0.1376,-1.1221,256.0,0.2747,0.8533,0.0,AES-128 (GCM)
7.164248035095537,0,0,0,-0.0795,-1.1929,254.0,0.0817,0.9588,0.0,AES-128 (CTR)
7.567415055028877,0,0,0.0,-0.0253,-1.1947,289.45,0.0132,0.9796,0.0038,AES-192 (CBC)
6.7270469631727625,0,0,0.0,-0.0153,-1.3343,236.44,-0.1309,0.929,0.0,AES-192 (ECB)
7.076886597686942,0,0,0,0.0843,-1.1978,302.0,0.04,0.9588,0.0,AES-192 (GCM)
7.519344485857282,0,0,0,-0.0335,-1.2023,305.0,-0.0509,0.979,0.0,AES-192 (CTR)
7.213004614980369,0,0,0.0,0.0817,-1.163,255.06,0.0628,0.9611,0.0,AES-256 (CBC)
6.146928094887357,0,0,0.0,0.2705,-1.1264,220.8,-0.1008,0.8791,0.0,AES-256 (ECB)
5.8125,0,0,0,0.0127,-1.3351,240.0,-0.0588,0.8533,0.0,AES-256 (GCM)
5.84375,0,0,0,0.0026,-1.2784,232.0,-0.0216,0.8533,0.0,AES-256 (CTR)
6.77919817848059,0,0,0.0,-0.0759,-1.2018,225.78,0.0392,0.929,0.0,AES-128 (CBC)
6.071928094887357,0,0,0.0,0.2869,-0.8331,240.0,0.0352,0.8791,0.0,AES-128 (ECB)
7.609219510136586,0,0,0,-0.0249,-1.2683,240.0,0.0397,0.979,0.0039,AES-128 (GCM)
7.816498479214243,0,0,0,-0.0021,-1.1658,243.5,-0.0452,0.9894,0.0049,AES-128 (CTR)
7.170689265699757,0,0,0.0,-0.016,-1.1704,275.76,0.0166,0.9611,0.0,AES-192 (CBC)
7.825696035660156,0,0,0.0,0.0005,-1.2033,228.68,-0.0093,0.9895,0.0058,AES-192 (ECB)
7.593272640924904,0,0,0,-0.0027,-1.2454,243.0,-0.0475,0.979,0.0098,AES-192 (GCM)
6.529182324168044,0,0,0,0.0167,-1.2443,264.0,-0.0386,0.9209,0.0,AES-192 (CTR)
6.121928094887358,0,0,0.0,0.0721,-1.1264,227.2,-0.1581,0.8791,0.0,AES-256 (CBC)
7.214072607831299,0,0,0.0,0.019,-1.2825,264.47,-0.02,0.9611,0.0,AES-256 (ECB)
5.800704882778696,0,0,0,0.1043,-1.3234,248.0,-0.0535,0.8533,0.0,AES-256 (GCM)
7.599404982921797,0,0,0,-0.0167,-1.1923,263.0,0.0415,0.979,0.0078,AES-256 (CTR)
7.579183456869117,0,0,0.0,-0.032,-1.197,262.3,-0.0218,0.9796,0.0038,AES-128 (CBC)
7.187898286218198,0,0,0.0,0.08,-1.2176,270.12,0.0597,0.9611,0.0037,AES-128 (ECB)
6.560432324168044,0,0,0,-0.1402,-1.0159,248.0,0.0236,0.9209,0.0,AES-128 (GCM)
6.585784765557392,0,0,0,0.1566,-1.2885,244.0,0.1382,0.9209,0.0,AES-128 (CTR)
7.251571618640936,0,0,0.0,-0.0429,-1.2911,236.24,0.0423,0.9611,0.0,AES-192 (CBC)
6.638471355518849,0,0,0.0,-0.125,-1.1325,275.56,-0.1083,0.929,0.0,AES-192 (ECB)
7.565338382383912,0,0,0,0.033,-1.1293,277.0,-0.0588,0.979,0.0039,AES-192 (GCM)
7.098799255790211,0,0,0,-0.0345,-1.1907,288.0,-0.0399,0.9588,0.0039,AES-192 (CTR)
7.679818737001245,0,0,0.0,0.0274,-1.2245,217.7,-0.0151,0.9796,0.0057,AES-256 (CBC)
7.602081271930003,0,0,0.0,0.0067,-1.0921,252.61,0.0246,0.9796,0.0019,AES-256 (ECB)
7.265319531114784,0,0,0,0.0103,-1.2045,220.0,0.1527,0.9588,0.0,AES-256 (GCM)
5.675704882778696,0,0,0,0.1603,-1.217,280.0,0.1549,0.8533,0.0,AES-256 (CTR)
7.18045037611172,0,0,0.0,0.1254,-1.1656,270.12,-0.0572,0.9611,0.0037,AES-128 (CBC)
7.797525858191401,0,0,0.0,0.0387,-1.2326,276.92,0.028,0.9895,0.0038,AES-128 (ECB)
7.1391492326369335,0,0,0,0.1615,-1.1865,278.0,0.0324,0.9588,0.0,AES-128 (GCM)
6.57988720694674,0,0,0,-0.1108,-1.1273,248.0,-0.0558,0.9209,0.0,AES-128 (CTR)
7.568388595455126,0,0,0.0,-0.0349,-1.2424,292.36,0.0055,0.9796,0.0019,AES-192 (CBC)
6.793087067369478,0,0,0.0,0.0198,-1.1324,215.11,-0.0999,0.929,0.0,AES-192 (ECB)
5.84375,0,0,0,0.0914,-1.0741,232.0,-0.0855,0.8533,0.0,AES-192 (GCM)
7.612621259913396,0,0,0,-0.02,-1.2221,241.0,0.0005,0.979,0.0059,AES-192 (CTR)
6.0124920011103145,0,0,0.0,-0.404,-0.8562,259.2,-0.2211,0.8791,0.0,AES-256 (CBC)
7.844286008371703,0,0,0.0,-0.03,-1.1585,216.86,-0.0032,0.9895,0.0067,AES-256 (ECB)
6.480239648336088,0,0,0,0.0485,-1.1925,276.0,-0.0507,0.9209,0.0,AES-256 (GCM)
5.800704882778696,0,0,0,0.092,-1.0793,248.0,0.1787,0.8533,0.0,AES-256 (CTR)
6.676733681937786,0,0,0.0,-0.0584,-1.1502,254.22,-0.1199,0.929,0.0,AES-128 (CBC)
6.196928094887356,0,0,0.0,0.0382,-1.1458,208.0,0.0389,0.8791,0.0,AES-128 (ECB)
5.8125,0,0,0,0.0777,-1.2322,240.0,-0.2035,0.8533,0.0,AES-128 (GCM)
7.143369214908247,0,0,0,-0.0308,-1.0944,272.0,-0.0577,0.9588,0.0,AES-128 (CTR)
6.699269185394985,0,0,0.0,-0.2381,-1.1809,243.56,-0.0401,0.929,0.0,AES-192 (CBC)
7.208521964433039,0,0,0.0,-0.0218,-1.2205,260.71,0.0427,0.9611,0.0037,AES-192 (ECB)
6.62676220694674,0,0,0,-0.0441,-1.3409,236.0,-0.105,0.9209,0.0,AES-192 (GCM)
7.824597872111381,0,0,0,0.0294,-1.265,230.0,-0.0487,0.9894,0.0117,AES-192 (CTR)
7.2484291444781626,0,0,0.0,0.0368,-1.199,243.76,-0.0961,0.9611,0.0037,AES-256 (CBC)
6.096928094887358,0,0,0.0,-0.0053,-1.2035,233.6,-0.3239,0.8791,0.0,AES-256 (ECB)
7.145674255790211,0,0,0,-0.0262,-1.2757,256.0,0.0272,0.9588,0.0,AES-256 (GCM)
7.6009788771347,0,0,0,0.0739,-1.1546,263.0,0.0856,0.979,0.002,AES-256 (CTR)
7.578866144370929,0,0,0.0,-0.0461,-1.2544,286.55,-0.0402,0.9796,0.0,AES-128 (CBC)
6.062492001110313,0,0,0.0,0.0841,-1.2015,246.4,0.001,0.8791,0.0,AES-128 (ECB)
7.821897963302665,0,0,0,-0.0839,-1.2063,238.5,-0.0027,0.9894,0.0098,AES-128 (GCM)
7.185380494213572,0,0,0,0.0724,-1.2632,252.0,0.0027,0.9588,0.0039,AES-128 (CTR)
6.765309289591699,0,0,0.0,0.2209,-1.2642,222.22,0.0818,0.929,0.0,AES-192 (CBC)
7.276038611405836,0,0,0.0,-0.0238,-1.218,230.59,0.0359,0.9611,0.0037,AES-192 (ECB)
7.598458230831259,0,0,0,0.0172,-1.1427,246.0,0.0278,0.979,0.002,AES-192 (GCM)
7.795883627909401,0,0,0,0.043,-1.1921,266.0,0.0054,0.9894,0.0108,AES-192 (CTR)
7.592795371656412,0,0,0.0,-0.0653,-1.1177,259.39,0.0852,0.9796,0.0076,AES-256 (CBC)
6.681975956258365,0,0,0.0,0.1795,-1.1115,250.67,-0.0387,0.929,0.0,AES-256 (ECB)
5.84375,0,0,0,0.0815,-1.2194,232.0,-0.2291,0.8533,0.0,AES-256 (GCM)
7.818573332825227,0,0,0,-0.0394,-1.149,239.5,0.0103,0.9894,0.0039,AES-256 (CTR)
7.805005030855649,0,0,0,-0.0155,-1.143,272.0,0.0141,0.9894,0.0059,ChaCha20
7.152215552824224,0,0,0,0.0626,-1.1885,266.0,0.0223,0.9588,0.0039,ChaCha20
5.875,0,0,0,-0.1786,-1.0479,224.0,0.1383,0.8533,0.0,ChaCha20
7.825515650993709,0,0,0,-0.0155,-1.1799,229.5,-0.0267,0.9894,0.0078,ChaCha20
5.75,0,0,0,0.2087,-1.0427,256.0,-0.0515,0.8533,0.0,ChaCha20
7.614058693564426,0,0,0,-0.0001,-1.2161,235.0,-0.041,0.979,0.002,ChaCha20
5.78125,0,0,0,0.3189,-1.1624,248.0,0.0908,0.8533,0.0,ChaCha20
7.819777855539558,0,0,0,0.1073,-1.1473,241.0,-0.0277,0.9894,0.0039,ChaCha20
7.782115410594337,0,0,0,0.0308,-1.1281,293.0,-0.011,0.9894,0.0088,ChaCha20
7.82732568669316,0,0,0,0.0063,-1.1377,238.0,-0.0574,0.9894,0.0117,ChaCha20
5.738204882778696,0,0,0,0.1379,-1.3585,264.0,0.0881,0.8533,0.0,ChaCha20
7.240848193198806,0,0,0,0.0092,-1.1682,226.0,0.0376,0.9588,0.0,ChaCha20
7.211275769538146,0,0,0,0.231,-1.0624,240.0,0.0684,0.9588,0.0078,ChaCha20
7.623673134151101,0,0,0,0.0318,-1.3473,238.0,-0.028,0.979,0.0,ChaCha20
7.807725516262135,0,0,0,0.0533,-1.1668,267.5,-0.0089,0.9894,0.0078,ChaCha20
7.8146359554239675,0,0,0,0.0112,-1.2335,245.0,-0.0064,0.9894,0.0088,ChaCha20
7.200361755790211,0,0,0,-0.1751,-1.1515,246.0,0.0357,0.9588,0.0,ChaCha20
7.820326209986979,0,0,0,0.0046,-1.2054,243.5,-0.071,0.9894,0.0049,ChaCha20
7.802283597960143,0,0,0,-0.041,-1.1782,260.5,-0.0266,0.9894,0.0039,ChaCha20
7.80865807344118,0,0,0,0.0648,-1.1722,254.0,0.0242,0.9894,0.0078,ChaCha20
7.570465383105831,0,0,0,-0.0223,-1.1143,265.0,0.0019,0.979,0.0039,ChaCha20
7.205225476484885,0,0,0,-0.0131,-1.2085,242.0,0.0396,0.9588,0.0,ChaCha20
7.252253210927493,0,0,0,-0.1132,-1.1964,232.0,-0.0257,0.9588,0.0039,ChaCha20
5.84375,0,0,0,0.002,-1.1569,232.0,-0.0618,0.8533,0.0,ChaCha20
7.8258608187544585,0,0,0,-0.034,-1.1751,237.0,-0.0183,0.9894,0.0039,ChaCha20
7.202819531114784,0,0,0,-0.1264,-1.0245,240.0,-0.0462,0.9588,0.0,ChaCha20
7.551999245301111,0,0,0,0.0666,-1.2193,282.0,-0.0344,0.979,0.002,ChaCha20
7.58381661650317,0,0,0,-0.0712,-1.1976,253.0,-0.0168,0.979,0.002,ChaCha20
7.786522621028663,0,0,0,-0.0315,-1.1579,270.0,0.0007,0.9894,0.0059,ChaCha20
7.620574398041465,0,0,0,-0.0071,-1.1739,244.0,-0.0092,0.979,0.0059,ChaCha20
7.127744214908246,0,0,0,0.1284,-1.1055,272.0,0.0649,0.9588,0.0,ChaCha20
7.832408336264614,0,0,0,0.015,-1.2294,230.0,0.0038,0.9894,0.0098,ChaCha20
7.78317103885769,0,0,0,-0.0202,-1.178,288.5,-0.0107,0.9894,0.0088,ChaCha20
7.815339577086988,0,0,0,-0.0016,-1.228,251.0,-0.0425,0.9894,0.0078,ChaCha20
5.706954882778696,0,0,0,0.015,-1.1818,272.0,0.1494,0.8533,0.0,ChaCha20
7.109560535095537,0,0,0,0.2191,-1.0357,280.0,0.0398,0.9588,0.0039,ChaCha20
7.60677951284888,0,0,0,-0.0652,-1.1813,236.0,-0.0726,0.979,0.0059,ChaCha20
7.822741733230715,0,0,0,-0.0295,-1.1459,244.0,-0.0568,0.9894,0.0068,ChaCha20
5.75,0,0,0,-0.2206,-1.3159,256.0,0.0525,0.8533,0.0,ChaCha20
5.78125,0,0,0,-0.0829,-1.147,248.0,0.0445,0.8533,0.0159,ChaCha20
7.790963889407533,0,0,0,-0.0518,-1.3153,264.0,0.0542,0.9894,0.0127,ChaCha20
7.167196814400863,0,0,0,0.1095,-1.2107,256.0,-0.077,0.9588,0.0,ChaCha20
7.825415727062192,0,0,0,-0.0303,-1.1251,242.5,0.0505,0.9894,0.0088,ChaCha20
7.811378278727664,0,0,0,0.0042,-1.1432,251.0,0.0296,0.9894,0.0088,ChaCha20
7.18144970694674,0,0,0,0.1018,-1.307,246.0,-0.0935,0.9588,0.0039,ChaCha20
7.812308382403086,0,0,0,-0.0242,-1.2434,244.5,-0.0612,0.9894,0.0117,ChaCha20
5.75,0,0,0,0.0557,-1.2916,256.0,-0.1368,0.8533,0.0,ChaCha20
7.825638724409159,0,0,0,-0.0122,-1.2735,231.5,0.0119,0.9894,0.0078,ChaCha20
7.602667494498436,0,0,0,0.0845,-1.2362,246.0,-0.0145,0.979,0.0059,ChaCha20
7.222918152316841,0,0,0,-0.0655,-1.1212,238.0,0.025,0.9588,0.0,ChaCha20
7.817874644029807,0,0,0,-0.0256,-1.1754,240.5,-0.0046,0.9894,0.0156,ChaCha20
7.810478963514057,0,0,0,-0.0167,-1.2129,245.0,-0.0519,0.9894,0.0068,ChaCha20
7.611745515742094,0,0,0,0.0242,-1.2353,239.0,-0.0393,0.979,0.0059,ChaCha20
7.579147945554804,0,0,0,-0.0247,-1.1978,246.0,-0.0152,0.979,0.0059,ChaCha20
7.095460376992268,0,0,0,-0.0472,-1.2488,292.0,-0.0493,0.9588,0.0039,ChaCha20
7.180415869030762,0,0,0,0.0423,-1.0817,242.0,0.025,0.9588,0.0039,ChaCha20
7.173484472504132,0,0,0,0.0178,-1.2308,258.0,0.1877,0.9588,0.0,ChaCha20
7.141844373011515,0,0,0,-0.0004,-1.217,260.0,-0.0139,0.9588,0.0039,ChaCha20
5.6875,0,0,0,0.1576,-1.1952,272.0,-0.1146,0.8533,0.0,ChaCha20
7.587129580323876,0,0,0,0.0878,-1.2204,261.0,-0.0243,0.979,0.0039,ChaCha20
5.831954882778696,0,0,0,-0.2236,-1.1147,240.0,0.1432,0.8533,0.0,ChaCha20
7.828463581269951,0,0,0,0.0141,-1.2052,228.5,-0.0189,0.9894,0.0108,ChaCha20
7.592510219976539,0,0,0,-0.0454,-1.2703,249.0,0.0348,0.979,0.0059,ChaCha20
7.571394357159501,0,0,0,-0.0326,-1.2246,270.0,0.0224,0.979,0.002,ChaCha20
7.122626855282828,0,0,0,-0.1331,-1.3474,264.0,0.185,0.9588,0.0039,ChaCha20
7.186313427641414,0,0,0,-0.114,-1.1998,250.0,-0.1216,0.9588,0.0,ChaCha20
7.810019289972289,0,0,0,0.0314,-1.1732,255.5,0.0175,0.9894,0.0098,ChaCha20
7.16758691389348,0,0,0,0.0134,-1.2894,258.0,-0.0744,0.9588,0.0,ChaCha20
5.769454882778696,0,0,0,0.4645,-0.9844,256.0,0.107,0.8533,0.0,ChaCha20
7.171670435602921,0,0,0,0.0632,-1.0703,270.0,-0.0456,0.9588,0.0,ChaCha20
5.726409765557392,0,0,0,-0.1134,-1.4326,272.0,0.0796,0.8533,0.0,ChaCha20
5.65625,0,0,0,-0.2,-1.0589,280.0,0.0865,0.8533,0.0,ChaCha20
7.198446814400863,0,0,0,0.0621,-1.2913,248.0,-0.0319,0.9588,0.0,ChaCha20
7.594212333582711,0,0,0,-0.09,-1.115,252.0,-0.0103,0.979,0.0098,ChaCha20
7.168230652316842,0,0,0,0.0264,-1.1825,260.0,-0.0403,0.9588,0.0039,ChaCha20
7.162333093706189,0,0,0,-0.1128,-1.1829,260.0,0.0232,0.9588,0.0,ChaCha20
7.8059633627243965,0,0,0,-0.0185,-1.1794,272.0,-0.0349,0.9894,0.002,ChaCha20
7.8225909263610784,0,0,0,0.0246,-1.2934,228.0,-0.0496,0.9894,0.0127,ChaCha20
7.802887439346349,0,0,0,0.0336,-1.232,262.0,0.0282,0.9894,0.0078,ChaCha20
7.212546972504132,0,0,0,-0.1781,-1.2445,240.0,0.1086,0.9588,0.0039,ChaCha20
7.801403138291047,0,0,0,-0.0082,-1.203,268.5,-0.0433,0.9894,0.0059,ChaCha20
5.570159765557392,0,0,0,0.1825,-1.4309,312.0,0.0512,0.8533,0.0,ChaCha20
7.160909156297594,0,0,0,0.0828,-1.1771,274.0,-0.0354,0.9588,0.0,ChaCha20
7.172450634588154,0,0,0,0.0259,-1.1423,262.0,0.0386,0.9588,0.0,ChaCha20
5.78125,0,0,0,0.2018,-1.2254,248.0,-0.1717,0.8533,0.0,ChaCha20
7.214715552824224,0,0,0,-0.0731,-1.1985,246.0,-0.0109,0.9588,0.0,ChaCha20
7.615380348774482,0,0,0,-0.0477,-1.2399,240.0,-0.005,0.979,0.0059,ChaCha20
5.875,0,0,0,0.1562,-1.2419,224.0,0.1185,0.8533,0.0,ChaCha20
7.834626347480821,0,0,0,-0.0261,-1.2207,223.5,0.0232,0.9894,0.0049,ChaCha20
7.553038764939418,0,0,0,-0.0835,-1.1875,283.0,0.0499,0.979,0.0059,ChaCha20
7.668833601810128,0,0,0,0.0062,-1.2271,215.0,0.0032,0.979,0.0078,ChaCha20
7.801806895236231,0,0,0,-0.0815,-1.2138,266.0,-0.019,0.9894,0.0098,ChaCha20
7.591352340233489,0,0,0,-0.0133,-1.0901,259.0,0.0699,0.979,0.0039,ChaCha20
7.579707179816492,0,0,0,0.0233,-1.1757,253.0,-0.1032,0.979,0.002,ChaCha20
7.801407311811685,0,0,0,-0.0258,-1.2136,255.5,0.0013,0.9894,0.0117,ChaCha20
5.875,0,0,0,-0.2074,-1.2029,224.0,-0.1486,0.8533,0.0,ChaCha20
7.815192187614355,0,0,0,-0.044,-1.2609,260.0,-0.0035,0.9894,0.0039,ChaCha20
7.81828289910298,0,0,0,0.0335,-1.225,252.0,0.0057,0.9894,0.0068,ChaCha20
7.5949693952290085,0,0,0,-0.0114,-1.2407,252.0,0.0664,0.979,0.0059,ChaCha20
7.82180837014507,0,0,0,0.0232,-1.2473,233.0,-0.0233,0.9894,0.0049,ChaCha20
7.821512684358294,0,0,0,0.0334,-1.1947,237.5,-0.009,0.9894,0.0068,ChaCha20
7.80910568357435,0,0,0,0.0009,-1.1754,246.0,-0.0288,0.9894,0.0117,ChaCha20
7.106221656297594,0,0,0,0.0358,-1.3774,288.0,-0.027,0.9588,0.0,ChaCha20
7.198056714908246,0,0,0,-0.099,-1.3318,246.0,-0.0155,0.9588,0.0039,ChaCha20
7.254320886759449,0,0,0,0.0106,-1.0845,236.0,0.0757,0.9588,0.0,ChaCha20
7.288757031114784,0,0,0,0.0029,-1.1311,214.0,0.0425,0.9588,0.0,ChaCha20
7.154520593706189,0,0,0,-0.0364,-1.0927,270.0,-0.1113,0.9588,0.0078,ChaCha20
5.675704882778696,0,0,0,0.3481,-0.9729,280.0,0.1533,0.8533,0.0,ChaCha20
7.597645357638825,0,0,0,-0.0612,-1.2301,245.0,-0.0122,0.979,0.002,ChaCha20
5.589614648336088,0,0,0,0.1236,-0.8495,312.0,0.2726,0.8533,0.0159,ChaCha20
7.815234024369478,0,0,0,-0.0311,-1.1958,245.5,0.0296,0.9894,0.0108,ChaCha20
7.237662048843471,0,0,0,0.0953,-1.1235,228.0,-0.0685,0.9588,0.0,ChaCha20
7.572928517732471,0,0,0,-0.0731,-1.2336,251.0,0.0468,0.979,0.0059,ChaCha20
7.548841920007042,0,0,0,-0.0653,-1.1709,273.0,0.0088,0.979,0.0,ChaCha20
7.799625091166933,0,0,0,-0.0301,-1.1528,270.5,0.0255,0.9894,0.0117,ChaCha20
5.8125,0,0,0,-0.0384,-1.102,240.0,-0.0879,0.8533,0.0,ChaCha20
7.793678035428,0,0,0,-0.0519,-1.1886,282.5,-0.0009,0.9894,0.0088,ChaCha20
7.096884314400863,0,0,0,0.0474,-1.2935,282.0,0.0143,0.9588,0.0039,ChaCha20
7.59302177963246,0,0,0,-0.0054,-1.1668,251.0,0.0525,0.979,0.002,ChaCha20
7.800827634194183,0,0,0,-0.0302,-1.0964,251.5,-0.0294,0.9894,0.0068,ChaCha20
5.8125,0,0,0,0.0892,-1.198,240.0,0.1757,0.8533,0.0,ChaCha20
7.576495120483922,0,0,0,-0.063,-1.2189,251.0,0.0278,0.979,0.0078,ChaCha20
7.296569531114784,0,0,0,0.1111,-1.0563,208.0,0.002,0.9588,0.0,ChaCha20
5.75,0,0,0,0.2135,-1.0595,256.0,-0.1275,0.8533,0.0,ChaCha20
5.8125,0,0,0,-0.1032,-1.4391,240.0,-0.0571,0.8533,0.0,ChaCha20
7.178348193198806,0,0,0,-0.0931,-1.1367,246.0,0.0464,0.9588,0.0,ChaCha20
7.23789941389348,0,0,0,-0.0565,-1.1477,240.0,0.0371,0.9588,0.0078,ChaCha20
7.834754240408269,0,0,0,-0.0178,-1.1,235.5,0.0439,0.9894,0.0039,ChaCha20
7.17014559370619,0,0,0,0.0481,-1.1429,254.0,-0.0712,0.9588,0.0,ChaCha20
7.588970932130219,0,0,0,-0.0687,-1.2368,262.0,0.0359,0.979,0.0039,ChaCha20
7.7914459932611,0,0,0,-0.0198,-1.151,285.0,-0.053,0.9894,0.0039,ChaCha20
7.779096518486038,0,0,0,0.0176,-1.2601,285.5,0.0291,0.9894,0.0059,ChaCha20
5.875,0,0,0,0.0033,-1.3897,224.0,-0.0157,0.8533,0.0,ChaCha20
7.792749226630021,0,0,0,0.0581,-1.2886,283.0,-0.0236,0.9894,0.0039,ChaCha20
7.127744214908247,0,0,0,0.0236,-1.165,276.0,-0.0274,0.9588,0.0039,ChaCha20
7.199480652316841,0,0,0,0.1176,-0.99,244.0,-0.0286,0.9588,0.0,ChaCha20
7.620856533613213,0,0,0,0.0203,-1.1544,244.0,0.012,0.979,0.002,ChaCha20
7.124015236617687,0,0,0,0.0998,-1.1807,278.0,0.0248,0.9588,0.0,ChaCha20
7.793154274407085,0,0,0,0.0639,-1.1975,266.5,-0.0262,0.9894,0.0117,ChaCha20
5.78125,0,0,0,0.0297,-1.4602,248.0,0.0489,0.8533,0.0,ChaCha20
7.54707297604783,0,0,0,-0.0125,-1.2309,290.0,-0.0397,0.979,0.002,ChaCha20
5.8125,0,0,0,0.186,-1.3938,240.0,0.1188,0.8533,0.0,ChaCha20
7.593758285603589,0,0,0,-0.0661,-1.1523,251.0,0.0723,0.979,0.0,ChaCha20
7.236628210927494,0,0,0,0.038,-1.221,232.0,0.0078,0.9588,0.0,ChaCha20
7.811190665957773,0,0,0,-0.0114,-1.2388,263.5,0.0318,0.9894,0.0049,ChaCha20
7.213037976484885,0,0,0,-0.0038,-1.3078,244.0,-0.0137,0.9588,0.0,ChaCha20
7.608855325621205,0,0,0,-0.0371,-1.1279,242.0,0.0221,0.979,0.0,ChaCha20
5.78125,0,0,0,-0.1475,-1.0981,248.0,0.1451,0.8533,0.0,ChaCha20
7.816679063270245,0,0,0,0.0032,-1.2201,244.5,-0.0106,0.9894,0.0098,ChaCha20
7.081259314400864,0,0,0,0.0817,-1.0915,298.0,0.0605,0.9588,0.0,ChaCha20
7.823221007331869,0,0,0,-0.033,-1.2295,239.5,-0.0092,0.9894,0.0049,ChaCha20
7.12071191389348,0,0,0,-0.1055,-1.0504,274.0,-0.0141,0.9588,0.0,ChaCha20
5.75,0,0,0,-0.197,-1.2639,256.0,0.0153,0.8533,0.0,ChaCha20
5.90625,0,0,0,0.2452,-1.3099,216.0,0.2084,0.8533,0.0,ChaCha20
7.195007031114784,0,0,0,0.1128,-1.2882,238.0,0.0137,0.9588,0.0,ChaCha20
5.800704882778696,0,0,0,-0.4412,-0.9936,248.0,0.0182,0.8533,0.0,ChaCha20
7.215105652316841,0,0,0,0.0296,-1.2087,236.0,-0.0214,0.9588,0.0,ChaCha20
7.587242903546812,0,0,0,-0.0769,-1.2118,247.0,0.0079,0.979,0.0078,ChaCha20
5.84375,0,0,0,0.0346,-1.3521,232.0,-0.0877,0.8533,0.0,ChaCha20
7.571089943564428,0,0,0,-0.049,-1.2164,264.0,-0.02,0.979,0.0059,ChaCha20
7.84178048215702,0,0,0,-0.0384,-1.1902,220.0,-0.0128,0.9894,0.0039,ChaCha20
7.793176348097804,0,0,0,0.0129,-1.1923,263.5,0.0304,0.9894,0.0059,ChaCha20
5.75,0,0,0,-0.1373,-1.1409,256.0,-0.0707,0.8533,0.0,ChaCha20
7.18321191389348,0,0,0,0.0095,-1.3097,254.0,0.0191,0.9588,0.0039,ChaCha20
7.180415869030762,0,0,0,0.0086,-1.3172,254.0,-0.0129,0.9588,0.0,ChaCha20
7.853890517431064,0,0,0,0.0278,-1.1485,196.0,-0.0098,0.9894,0.0078,ChaCha20
7.223308251809458,0,0,0,0.0353,-1.1837,228.0,0.0459,0.9588,0.0078,ChaCha20
7.8245138114669315,0,0,0,0.0229,-1.2233,247.0,-0.03,0.9894,0.0078,ChaCha20
7.822157389006195,0,0,0,0.0206,-1.2295,243.5,-0.0212,0.9894,0.0039,ChaCha20
7.1683315568049775,0,0,0,-0.1919,-1.2199,266.0,-0.0892,0.9588,0.0,ChaCha20
7.566200307892517,0,0,0,-0.0132,-1.1631,270.0,-0.0044,0.979,0.0,ChaCha20
7.202819531114784,0,0,0,-0.0653,-1.1658,244.0,0.0176,0.9588,0.0,ChaCha20
7.635549977895774,0,0,0,0.0469,-1.244,237.0,0.0364,0.979,0.0078,ChaCha20
7.55307539852079,0,0,0,0.0248,-1.115,269.0,0.0332,0.979,0.002,ChaCha20
7.822163922980941,0,0,0,0.0428,-1.2358,236.5,0.007,0.9894,0.0068,ChaCha20
7.599250848551293,0,0,0,-0.0616,-1.224,238.0,0.012,0.979,0.0078,ChaCha20
7.559522550296631,0,0,0,0.1192,-1.196,276.0,-0.0037,0.979,0.0059,ChaCha20
7.847678849005409,0,0,0,0.0443,-1.1749,207.5,-0.0154,0.9894,0.0088,ChaCha20
7.5307171517990295,0,0,0,-0.0017,-1.2729,287.0,0.014,0.979,0.0,ChaCha20
7.811802709694305,0,0,0,-0.0081,-1.168,247.5,0.0482,0.9894,0.0049,ChaCha20
7.218698170045529,0,0,0,-0.059,-1.2037,236.0,-0.0765,0.9588,0.0,ChaCha20
7.808968479033841,0,0,0,-0.0302,-1.2269,252.0,-0.0279,0.9894,0.0068,ChaCha20
7.825122830022471,0,0,0,-0.0137,-1.1483,231.0,-0.0197,0.9894,0.0049,ChaCha20
7.812164096212361,0,0,0,0.0257,-1.2184,251.5,-0.0398,0.9894,0.0108,ChaCha20
5.706954882778696,0,0,0,0.1214,-1.3217,272.0,-0.146,0.8533,0.0,ChaCha20
7.161842089725436,0,0,0,0.0266,-1.2599,256.0,0.1107,0.9588,0.0039,ChaCha20
7.7976565952878705,0,0,0,-0.0281,-1.2399,273.5,0.0149,0.9894,0.0127,ChaCha20
7.820661519281422,0,0,0,-0.0265,-1.2009,241.0,-0.0671,0.9894,0.0088,ChaCha20
7.791691035767037,0,0,0,0.0365,-1.2815,287.5,-0.0379,0.9894,0.0098,ChaCha20
7.484504745766895,0,0,0,0.0891,-1.2598,347.0,-0.0265,0.979,0.002,ChaCha20
7.132998035095538,0,0,0,0.0666,-1.1737,270.0,-0.0147,0.9588,0.0118,ChaCha20
7.779164921085847,0,0,0,0.0293,-1.2128,290.0,0.0232,0.9894,0.0098,ChaCha20
5.663909765557392,0,0,0,-0.1183,-1.1061,288.0,0.1429,0.8533,0.0,ChaCha20
7.20920809370619,0,0,0,0.1156,-1.3028,244.0,-0.1072,0.9588,0.0,ChaCha20
5.769454882778696,0,0,0,-0.2617,-1.2175,256.0,0.162,0.8533,0.0,ChaCha20
7.1987004533316075,0,0,0,0.0471,-1.226,260.0,0.0495,0.9588,0.0078,ChaCha20
7.15108081042011,0,0,0,-0.0809,-1.0952,272.0,0.0252,0.9588,0.0039,ChaCha20
7.142878210927494,0,0,0,-0.0558,-1.2022,280.0,0.0218,0.9588,0.0039,ChaCha20
5.78125,0,0,0,-0.1668,-1.0198,248.0,-0.0191,0.8533,0.0,ChaCha20
7.196921972504131,0,0,0,0.0788,-1.0847,236.0,0.0273,0.9588,0.0039,ChaCha20
5.975480556997871,0,0.0,0.0,-0.1367,-1.1821,233.78,0.0814,0.8675,0.0141,DES (CBC)
7.291862715947857,0,0.0,0.0,0.001,-1.0774,226.67,0.0053,0.96,0.0038,DES (ECB)
7.1960891836935215,0,0.0,0.0,0.0112,-1.2093,251.88,-0.0005,0.96,0.0038,DES (CBC)
5.853884897245602,0,0.0,0.0,-0.0512,-1.0955,269.33,0.0654,0.8675,0.0,DES (ECB)
6.6296344404673135,0,0.0,0.0,0.1253,-1.1109,244.24,-0.0398,0.9252,0.0,DES (CBC)
6.6129825102725315,0,0.0,0.0,0.1628,-1.035,255.53,-0.0968,0.9252,0.0,DES (ECB)
7.133856382394768,0,0.0,0.0,-0.09,-1.1577,269.33,-0.0069,0.96,0.0038,DES (CBC)
6.554158980860769,0,0.0,0.0,-0.0713,-1.0446,270.59,0.076,0.9252,0.0,DES (ECB)
6.624083797069053,0,0.0,0.0,-0.0465,-1.1019,248.0,0.0025,0.9252,0.0,DES (CBC)
5.770551563912267,0,0.0,0.0,-0.0393,-1.0099,290.67,-0.1921,0.8675,0.0,DES (ECB)
7.13834254544414,0,0.0,0.0,0.1511,-1.2691,292.61,-0.0513,0.96,0.0038,DES (CBC)
7.188661532243929,0,0.0,0.0,0.1106,-1.1558,279.03,-0.2046,0.96,0.0038,DES (ECB)
6.664596848571455,0,0.0,0.0,-0.088,-1.2219,232.94,0.0008,0.9252,0.0,DES (CBC)
6.539453098507824,0,0.0,0.0,0.0068,-1.2565,281.88,0.0816,0.9252,0.0074,DES (ECB)
6.636843631580156,0,0.0,0.0,0.0452,-1.1944,251.76,0.0418,0.9252,0.0,DES (CBC)
7.292240994243726,0,0.0,0.0,-0.0944,-1.1652,213.09,0.012,0.96,0.0038,DES (ECB)
5.947702779220094,0,0.0,0.0,-0.0184,-1.3167,240.89,0.0837,0.8675,0.0,DES (CBC)
6.594672032363169,0,0.0,0.0,-0.0248,-1.209,255.53,-0.2253,0.9252,0.0,DES (ECB)
5.909440452801157,0,0.0,0.0,0.534,-0.5644,255.11,0.0281,0.8675,0.0,DES (CBC)
5.808813890331206,0,0.0,0.0,-0.0036,-1.3747,290.67,0.062,0.8675,0.0,DES (ECB)
6.6590462051731985,0,0.0,0.0,0.0484,-1.1906,236.71,-0.1145,0.9252,0.0,DES (CBC)
6.638789679421995,0,0.0,0.0,0.0575,-1.2174,244.24,-0.068,0.9252,0.0,DES (ECB)
7.209383785982638,0,0.0,0.0,-0.0582,-1.2546,246.06,0.0492,0.96,0.0,DES (CBC)
6.6626508007296135,0,0.0,0.0,0.035,-1.0749,240.47,-0.0021,0.9252,0.0,DES (ECB)
7.258076032089734,0,0.0,0.0,0.0374,-1.0546,222.79,-0.0128,0.96,0.0,DES (CBC)
7.199326884346071,0,0.0,0.0,0.1197,-1.0987,244.12,-0.0378,0.96,0.0038,DES (ECB)
5.892147223664538,0,0.0,0.0,0.1544,-1.0742,255.11,-0.1325,0.8675,0.0141,DES (CBC)
5.909440452801157,0,0.0,0.0,-0.0393,-1.1923,255.11,-0.0259,0.8675,0.0,DES (ECB)
7.222678388271754,0,0.0,0.0,-0.0979,-1.038,240.24,0.0411,0.96,0.0,DES (CBC)
6.688457969879082,0,0.0,0.0,0.0165,-1.1632,229.18,-0.0941,0.9252,0.0,DES (ECB)
6.60743186687427,0,0.0,0.0,0.0797,-1.1416,259.29,0.0209,0.9252,0.0074,DES (CBC)
6.602168723603275,0,0.0,0.0,0.0097,-1.2014,244.24,-0.0403,0.9252,0.0,DES (ECB)
6.086591668108984,0,0.0,0.0,0.1611,-1.281,205.33,-0.0366,0.8675,0.0,DES (CBC)
6.591067436806754,0,0.0,0.0,0.0891,-1.1351,266.82,-0.0229,0.9252,0.0,DES (ECB)
7.190140166810456,0,0.0,0.0,0.0044,-1.096,259.64,-0.0033,0.96,0.0,DES (CBC)
7.1599088087530145,0,0.0,0.0,0.1055,-1.1437,273.21,0.0928,0.96,0.0038,DES (ECB)
7.214100121201717,0,0.0,0.0,0.0396,-1.2562,253.82,0.0504,0.96,0.0,DES (CBC)
7.053004193122245,0,0.0,0.0,0.0471,-1.2846,317.82,0.0315,0.96,0.0,DES (ECB)
6.7492275471326835,0,0.0,0.0,0.1275,-1.2311,206.59,-0.0568,0.9252,0.0,DES (CBC)
5.919925001442316,0,0.0,0.0,-0.1731,-1.1539,248.0,0.0001,0.8675,0.0,DES (ECB)
6.647944918376676,0,0.0,0.0,0.0796,-1.3056,244.24,-0.051,0.9252,0.0,DES (CBC)
7.152113272805503,0,0.0,0.0,-0.0966,-1.1871,275.15,-0.0396,0.96,0.0038,DES (ECB)
6.605773319159692,0,0.0,0.0,-0.1229,-1.1925,255.53,-0.039,0.9252,0.0074,DES (CBC)
5.853884897245601,0,0.0,0.0,-0.054,-1.0914,269.33,0.0668,0.8675,0.0,DES (ECB)
5.826107119467823,0,0.0,0.0,0.1909,-1.0781,276.44,-0.198,0.8675,0.0,DES (CBC)
6.58838708403763,0,0.0,0.0,-0.1522,-1.2096,278.12,-0.1846,0.9252,0.0,DES (ECB)
7.2220541570733445,0,0.0,0.0,0.0631,-1.2931,242.18,0.0305,0.96,0.0038,DES (CBC)
7.2416918352742305,0,0.0,0.0,0.0022,-1.1368,226.67,-0.0256,0.96,0.0,DES (ECB)
7.190896723402195,0,0.0,0.0,0.1474,-1.2487,248.0,-0.0281,0.96,0.0,DES (CBC)
7.135006998015214,0,0.0,0.0,0.1535,-1.2661,275.15,0.0416,0.96,0.0076,DES (ECB)
5.892147223664538,0,0.0,0.0,-0.2892,-0.9419,255.11,-0.167,0.8675,0.0,DES (CBC)
7.17722384281721,0,0.0,0.0,0.0357,-1.2197,267.39,-0.0428,0.96,0.0,DES (ECB)
5.8538848972456,0,0.0,0.0,-0.2722,-1.0474,269.33,0.0077,0.8675,0.0,DES (CBC)
6.611323962557955,0,0.0,0.0,-0.241,-1.142,251.76,-0.0128,0.9252,0.0,DES (ECB)
6.0032583347756505,0,0.0,0.0,-0.1336,-1.4266,226.67,-0.1144,0.8675,0.0,DES (CBC)
5.975480556997873,0,0.0,0.0,-0.159,-1.1694,233.78,0.0054,0.8675,0.0141,DES (ECB)
7.14500324650404,0,0.0,0.0,0.1223,-1.2656,292.61,-0.0216,0.96,0.0038,DES (CBC)
5.843400348604442,0,0.0,0.0,-0.0371,-1.3543,276.44,0.1151,0.8675,0.0,DES (ECB)
5.88166267502338,0,0.0,0.0,-0.118,-1.0824,262.22,-0.1409,0.8675,0.0,DES (CBC)
6.031036112553428,0,0.0,0.0,-0.0205,-1.1148,219.56,-0.1801,0.8675,0.0,DES (ECB)
5.808813890331203,0,0.0,0.0,-0.1356,-0.8828,276.44,0.0615,0.8675,0.0,DES (CBC)
5.937218230578935,0,0.0,0.0,-0.1503,-0.906,248.0,-0.0401,0.8675,0.0,DES (ECB)
7.1765996116188,0,0.0,0.0,-0.0241,-1.1184,253.82,-0.027,0.96,0.0,DES (CBC)
6.649890966218515,0,0.0,0.0,0.0121,-1.3044,244.24,-0.055,0.9252,0.0,DES (ECB)
7.203040710070866,0,0.0,0.0,0.0128,-1.1182,244.12,0.0807,0.96,0.0,DES (CBC)
6.61492855811437,0,0.0,0.0,0.0715,-1.2823,248.0,0.0545,0.9252,0.0,DES (ECB)
6.653495561774936,0,0.0,0.0,0.0185,-1.1883,240.47,0.1494,0.9252,0.0,DES (CBC)
6.00325833477565,0,0.0,0.0,0.0474,-1.094,226.67,0.0989,0.8675,0.0,DES (ECB)
7.2554625626355955,0,0.0,0.0,0.0299,-1.0445,232.48,0.0276,0.96,0.0038,DES (CBC)
6.644340322820255,0,0.0,0.0,-0.1208,-1.0621,240.47,0.1034,0.9252,0.0,DES (ECB)
7.249119486723825,0,0.0,0.0,-0.105,-1.1459,230.55,0.0066,0.96,0.0,DES (CBC)
6.697613208833758,0,0.0,0.0,-0.1161,-1.0434,236.71,-0.0231,0.9252,0.0,DES (ECB)
5.975480556997872,0,0.0,0.0,-0.0362,-1.258,233.78,-0.2042,0.8675,0.0,DES (CBC)
5.9477027792200925,0,0.0,0.0,0.1756,-0.9767,240.89,-0.0223,0.8675,0.0,DES (ECB)
5.832915799963283,0,0.0,0.0,-0.2532,-1.0481,283.56,-0.1876,0.8675,0.0,DES (CBC)
7.13586140138333,0,0.0,0.0,0.194,-1.125,269.33,-0.036,0.96,0.0076,DES (ECB)
5.881662675023379,0,0.0,0.0,0.0257,-1.11,262.22,-0.1228,0.8675,0.0,DES (CBC)
5.8643694458867595,0,0.0,0.0,0.2921,-0.9849,262.22,0.1048,0.8675,0.0,DES (ECB)
7.306635952803499,0,0.0,0.0,0.0113,-1.1345,216.97,0.0216,0.96,0.0,DES (CBC)
7.227773001786703,0,0.0,0.0,0.0338,-1.2275,246.06,0.0156,0.96,0.0038,DES (ECB)
6.6351850838655775,0,0.0,0.0,-0.0054,-1.2506,240.47,-0.1291,0.9252,0.0,DES (CBC)
5.9094404528011575,0,0.0,0.0,-0.0937,-1.2966,255.11,0.0318,0.8675,0.0,DES (ECB)
6.653495561774932,0,0.0,0.0,-0.0051,-1.1946,248.0,-0.0623,0.9252,0.0,DES (CBC)
7.147396937586424,0,0.0,0.0,0.0573,-1.2643,286.79,0.025,0.96,0.0,DES (ECB)
5.892147223664539,0,0.0,0.0,0.0547,-1.0178,255.11,-0.2846,0.8675,0.0,DES (CBC)
5.88166267502338,0,0.0,0.0,-0.048,-1.3164,262.22,0.103,0.8675,0.0,DES (ECB)
7.145918303019898,0,0.0,0.0,-0.0693,-1.2877,275.15,-0.0858,0.96,0.0038,DES (CBC)
7.142434649464807,0,0.0,0.0,0.128,-1.0975,271.27,0.0153,0.96,0.0038,DES (ECB)
6.699559256675599,0,0.0,0.0,-0.012,-1.1638,221.65,-0.0652,0.9252,0.0,DES (CBC)
6.659046205173195,0,0.0,0.0,0.0766,-1.3901,236.71,0.0365,0.9252,0.0,DES (ECB)
7.256219119227338,0,0.0,0.0,-0.0621,-1.335,236.36,0.0474,0.96,0.0,DES (CBC)
6.703163852232018,0,0.0,0.0,0.2192,-1.1221,225.41,0.0701,0.9252,0.0,DES (ECB)
6.714265139028542,0,0.0,0.0,0.0019,-1.1672,217.88,-0.0947,0.9252,0.0,DES (CBC)
5.964996008356714,0,0.0,0.0,0.1979,-1.2248,240.89,-0.0585,0.8675,0.0,DES (ECB)
5.937218230578935,0,0.0,0.0,-0.0406,-1.233,248.0,0.1527,0.8675,0.0,DES (CBC)
7.245553767125193,0,0.0,0.0,0.0655,-1.2235,236.36,0.0985,0.96,0.0,DES (ECB)
7.228775511280985,0,0.0,0.0,0.0062,-1.1277,234.42,-0.0124,0.96,0.0,DES (CBC)
5.88166267502338,0,0.0,0.0,0.0236,-1.273,262.22,0.0445,0.8675,0.0,DES (ECB)
6.684853374322658,0,0.0,0.0,0.2058,-1.1983,232.94,0.0323,0.9252,0.0,DES (CBC)
6.68485337432266,0,0.0,0.0,-0.1115,-1.2791,225.41,0.0078,0.9252,0.0,DES (ECB)
6.717869734584961,0,0.0,0.0,-0.1152,-1.0891,221.65,-0.0788,0.9252,0.0,DES (CBC)
5.919925001442316,0,0.0,0.0,-0.0161,-1.1747,248.0,0.1226,0.8675,0.0141,DES (ECB)
6.554158980860768,0,0.0,0.0,0.1381,-1.1224,278.12,-0.0348,0.9252,0.0,DES (CBC)
5.760067015271109,0,0.0,0.0,0.0343,-1.2138,297.78,-0.2751,0.8675,0.0,DES (ECB)
6.568864863213709,0,0.0,0.0,0.048,-1.0168,266.82,0.0794,0.9252,0.0,DES (CBC)
6.620479201512634,0,0.0,0.0,-0.015,-1.1159,251.76,-0.1259,0.9252,0.0,DES (ECB)
6.635185083865579,0,0.0,0.0,-0.1258,-0.9014,240.47,0.0059,0.9252,0.0,DES (CBC)
5.781036112553426,0,0.0,0.0,-0.2043,-1.2206,283.56,0.0037,0.8675,0.0,DES (ECB)
6.629634440467314,0,0.0,0.0,-0.0073,-1.2858,244.24,0.1687,0.9252,0.0,DES (CBC)
6.598276627919588,0,0.0,0.0,0.0221,-1.1435,259.29,-0.0367,0.9252,0.0074,DES (ECB)
7.184175369194555,0,0.0,0.0,-0.004,-1.0362,244.12,0.049,0.96,0.0,DES (CBC)
7.1927536362645945,0,0.0,0.0,0.0238,-1.2467,246.06,0.0658,0.96,0.0038,DES (ECB)
6.644340322820255,0,0.0,0.0,-0.2288,-1.1539,240.47,0.0204,0.9252,0.0074,DES (CBC)
6.511987381643787,0,0.0,0.0,0.0201,-1.0791,289.41,-0.0036,0.9252,0.0,DES (ECB)
5.843400348604442,0,0.0,0.0,-0.084,-1.1955,276.44,0.0498,0.8675,0.0,DES (CBC)
5.853884897245601,0,0.0,0.0,0.0294,-1.0836,269.33,-0.3141,0.8675,0.0,DES (ECB)
5.88166267502338,0,0.0,0.0,-0.2618,-1.0759,262.22,0.0127,0.8675,0.0,DES (CBC)
7.169171960169207,0,0.0,0.0,0.0815,-1.1746,269.33,-0.0737,0.96,0.0038,DES (ECB)
5.787844793048887,0,0.0,0.0,-0.1639,-1.172,304.89,-0.2817,0.8675,0.0,DES (CBC)
6.684853374322665,0,0.0,0.0,0.2189,-1.0919,232.94,0.2658,0.9252,0.0,DES (ECB)
5.853884897245602,0,0.0,0.0,0.1856,-1.1427,269.33,0.0972,0.8675,0.0,DES (CBC)
6.633239036023732,0,0.0,0.0,0.0676,-0.8933,248.0,0.0172,0.9252,0.0,DES (ECB)
7.214724352400126,0,0.0,0.0,0.1218,-1.2035,255.76,-0.0779,0.96,0.0038,DES (CBC)
5.787844793048887,0,0.0,0.0,0.2493,-1.2784,290.67,0.0327,0.8675,0.0,DES (ECB)
7.160445586973002,0,0.0,0.0,0.0355,-1.189,261.58,-0.0053,0.96,0.0076,DES (CBC)
6.6884579698790745,0,0.0,0.0,0.1414,-1.3203,229.18,-0.0198,0.9252,0.0,DES (ECB)
6.6221377492272095,0,0.0,0.0,-0.1265,-1.0909,255.53,-0.1941,0.9252,0.0,DES (CBC)
7.183172859700274,0,0.0,0.0,0.1003,-1.103,271.27,-0.061,0.96,0.0,DES (ECB)
6.521142620598465,0,0.0,0.0,0.1586,-1.183,281.88,-0.0773,0.9252,0.0,DES (CBC)
7.185177878688837,0,0.0,0.0,-0.0861,-1.0564,255.76,0.0458,0.96,0.0038,DES (ECB)
5.947702779220093,0,0.0,0.0,-0.0201,-1.2376,240.89,0.0517,0.8675,0.0,DES (CBC)
7.220821475409356,0,0.0,0.0,-0.0909,-1.1939,246.06,-0.0151,0.96,0.0,DES (ECB)
5.836591668108982,0,0.0,0.0,-0.0528,-1.3334,269.33,-0.1973,0.8675,0.0,DES (CBC)
5.8538848972456,0,0.0,0.0,-0.1127,-1.2201,269.33,-0.0821,0.8675,0.0,DES (ECB)
7.160691539875542,0,0.0,0.0,-0.0417,-1.2311,273.21,-0.0094,0.96,0.0076,DES (CBC)
7.188135147821893,0,0.0,0.0,-0.0602,-1.2189,263.52,-0.0123,0.96,0.0076,DES (ECB)
7.177223842817209,0,0.0,0.0,0.0094,-1.1742,259.64,-0.0229,0.96,0.0,DES (CBC)
6.6498909662185195,0,0.0,0.0,-0.0734,-1.1286,236.71,-0.0118,0.9252,0.0,DES (ECB)
7.182794581404404,0,0.0,0.0,0.0816,-1.0521,253.82,-0.1605,0.96,0.0,DES (CBC)
6.00325833477565,0,0.0,0.0,0.113,-1.1251,226.67,-0.2464,0.8675,0.0,DES (ECB)
5.964996008356713,0,0.0,0.0,0.266,-1.1764,240.89,0.015,0.8675,0.0,DES (CBC)
7.180083265173887,0,0.0,0.0,-0.2111,-1.1938,257.7,-0.0087,0.96,0.0076,DES (ECB)
6.00325833477565,0,0.0,0.0,-0.0977,-1.2578,226.67,-0.0554,0.8675,0.0,DES (CBC)
6.486180212494323,0,0.0,0.0,0.0305,-1.3107,300.71,0.0944,0.9252,0.0,DES (ECB)
6.559709624259029,0,0.0,0.0,-0.084,-1.1107,266.82,0.0055,0.9252,0.0,DES (CBC)
7.220821475409356,0,0.0,0.0,-0.0021,-1.2173,242.18,-0.0023,0.96,0.0076,DES (ECB)
7.148777725376577,0,0.0,0.0,0.0773,-1.1489,292.61,0.0677,0.96,0.0,DES (CBC)
5.964996008356713,0,0.0,0.0,0.1485,-1.2703,240.89,0.1779,0.8675,0.0,DES (ECB)
6.5891213889649105,0,0.0,0.0,0.0041,-1.2523,259.29,-0.0718,0.9252,0.0,DES (CBC)
7.215480908991869,0,0.0,0.0,0.0751,-1.1792,244.12,0.0696,0.96,0.0,DES (ECB)
6.440116517593661,0,0.0,0.0,0.0715,-1.3693,327.06,0.0615,0.9252,0.0,DES (CBC)
7.192851483040972,0,0.0,0.0,0.0166,-1.0235,263.52,-0.063,0.96,0.0038,DES (ECB)
6.684853374322659,0,0.0,0.0,0.0875,-1.0884,225.41,-0.0289,0.9252,0.0,DES (CBC)
6.657100157331354,0,0.0,0.0,0.0224,-0.9664,244.24,0.0701,0.9252,0.0,DES (ECB)
7.316825179833396,0,0.0,0.0,-0.1516,-1.1179,201.45,-0.0653,0.96,0.0076,DES (CBC)
7.075977418752054,0,0.0,0.0,0.0422,-1.2388,304.24,-0.0083,0.96,0.0,DES (ECB)
7.240311047484078,0,0.0,0.0,0.0086,-1.3042,236.36,0.0793,0.96,0.0038,DES (CBC)
6.609377914716113,0,0.0,0.0,0.0129,-1.1016,259.29,0.036,0.9252,0.0,DES (ECB)
6.5744155066119685,0,0.0,0.0,0.0972,-1.0152,263.06,0.0029,0.9252,0.0,DES (CBC)
5.975480556997873,0,0.0,0.0,-0.0802,-1.3086,233.78,0.1106,0.8675,0.0,DES (ECB)
5.8156225708266645,0,0.0,0.0,-0.2426,-0.9866,283.56,-0.0735,0.8675,0.0,DES (CBC)
5.787844793048887,0,0.0,0.0,0.2225,-1.3744,290.67,-0.2286,0.8675,0.0,DES (ECB)
7.226918598418587,0,0.0,0.0,-0.0161,-1.3152,236.36,0.0397,0.96,0.0,DES (CBC)
6.6976132088337605,0,0.0,0.0,0.0786,-1.2863,229.18,-0.0829,0.9252,0.0,DES (ECB)
6.694008613277341,0,0.0,0.0,-0.0131,-1.1662,225.41,-0.0372,0.9252,0.0,DES (CBC)
7.266654299159773,0,0.0,0.0,0.0813,-1.0735,224.73,-0.043,0.96,0.0,DES (ECB)
7.174364420460529,0,0.0,0.0,0.1241,-1.19,257.7,0.1312,0.96,0.0,DES (CBC)
5.836591668108982,0,0.0,0.0,-0.2654,-0.8325,269.33,-0.0531,0.8675,0.0,DES (ECB)
6.817206315499129,0,0.0,0.0,-0.0752,-0.9797,191.53,-0.1124,0.9252,0.0,DES (CBC)
5.8538848972455995,0,0.0,0.0,-0.0683,-1.1852,269.33,0.045,0.8675,0.0,DES (ECB)
7.215102630695997,0,0.0,0.0,0.1355,-1.2324,246.06,0.0723,0.96,0.0,DES (CBC)
7.183418812602814,0,0.0,0.0,0.0363,-1.1702,275.15,0.0004,0.96,0.0038,DES (ECB)
6.020551563912269,0,0.0,0.0,-0.0503,-1.0896,226.67,-0.2501,0.8675,0.0,DES (CBC)
6.614928558114372,0,0.0,0.0,0.0438,-1.1896,255.53,0.0058,0.9252,0.0,DES (ECB)
7.194610549126994,0,0.0,0.0,-0.0809,-1.1462,263.52,-0.1321,0.96,0.0114,DES (CBC)
6.752832142689101,0,0.0,0.0,-0.0208,-1.0879,210.35,-0.1688,0.9252,0.0,DES (ECB)
6.618533153670793,0,0.0,0.0,0.146,-1.215,251.76,0.0585,0.9252,0.0,DES (CBC)
6.659046205173196,0,0.0,0.0,-0.2139,-1.0767,236.71,-0.061,0.9252,0.0,DES (ECB)
6.605773319159694,0,0.0,0.0,0.0456,-1.2151,263.06,0.0648,0.9252,0.0,DES (CBC)
6.524747216154886,0,0.0,0.0,0.1001,-1.2671,285.65,-0.0021,0.9252,0.0,DES (ECB)
5.770551563912267,0,0.0,0.0,-0.452,-1.0599,290.67,0.056,0.8675,0.0,DES (CBC)
7.242924516938219,0,0.0,0.0,-0.1225,-1.2415,230.55,-0.0435,0.96,0.0076,DES (ECB)
6.0032583347756505,0,0.0,0.0,0.0124,-1.1887,226.67,-0.1811,0.8675,0.0,DES (CBC)
6.504490690403681,0,0.0,0.0,-0.0493,-1.2961,293.18,0.0504,0.9252,0.0,DES (ECB)
6.594672032363176,0,0.0,0.0,-0.134,-1.0634,255.53,-0.0651,0.9252,0.0,DES (CBC)
5.8538848972456,0,0.0,0.0,-0.1195,-1.1455,269.33,-0.0498,0.8675,0.0,DES (ECB)
6.42735668308256,0,0.0,0.0,0.1395,-1.0889,315.76,-0.0844,0.9252,0.0,DES (CBC)
5.919925001442315,0,0.0,0.0,0.2299,-1.2179,248.0,-0.1286,0.8675,0.0,DES (ECB)
7.246786448789181,0,0.0,0.0,-0.1169,-1.2736,236.36,0.0588,0.96,0.0038,DES (CBC)
6.673752087526133,0,0.0,0.0,-0.049,-1.2601,232.94,0.0707,0.9252,0.0074,DES (ECB)
5.9094404528011575,0,0.0,0.0,0.1066,-1.1974,255.11,0.0123,0.8675,0.0,DES (CBC)
6.6113239625579565,0,0.0,0.0,0.0425,-1.2092,251.76,-0.016,0.9252,0.0,DES (ECB)
6.52308866844031,0,0.0,0.0,-0.2873,-1.0779,281.88,0.0209,0.9252,0.0,DES (CBC)
5.892147223664537,0,0.0,0.0,-0.1005,-1.2498,255.11,-0.0586,0.8675,0.0,DES (ECB)
7.2719948655772635,0,0.0,0.0,-0.1649,-1.1737,234.42,-0.0511,0.96,0.0038,DES (CBC)
6.708714495630281,0,0.0,0.0,0.0659,-1.2432,229.18,-0.0263,0.9252,0.0,DES (ECB)
6.031036112553427,0,0.0,0.0,0.0739,-1.274,219.56,-0.0667,0.8675,0.0,DES (CBC)
7.2685112120221715,0,0.0,0.0,-0.0947,-1.158,222.79,-0.0235,0.96,0.0038,DES (ECB)
6.688457969879082,0,0.0,0.0,-0.0081,-1.3302,229.18,-0.0974,0.9252,0.0,DES (CBC)
7.160593693099167,0,0.0,0.0,0.0665,-1.2619,263.52,0.0524,0.96,0.0038,DES (ECB)
6.613204882778696,0,0,0,-0.0985,-1.1654,232.0,0.0076,0.9209,0.0,RSA-1024
7.204734472504132,0,0,0,0.0514,-1.2122,246.0,-0.054,0.9588,0.0,RSA-2048
7.596202564685727,0,0,0,-0.112,-1.05,251.0,-0.0671,0.979,0.0,RSA-4096
6.48613720694674,0,0,0,0.0559,-1.0668,272.0,-0.0082,0.9209,0.0,RSA-1024
7.14326831042011,0,0,0,0.0301,-1.2022,254.0,-0.047,0.9588,0.0,RSA-2048
7.60631582377326,0,0,0,0.0233,-1.1939,261.0,-0.0483,0.979,0.0059,RSA-4096
6.525352441389348,0,0,0,-0.0085,-1.1233,268.0,-0.0561,0.9209,0.0,RSA-1024
7.135303075977502,0,0,0,-0.0114,-1.3024,266.0,0.0005,0.9588,0.0,RSA-2048
7.623786134953775,0,0,0,0.0675,-1.2318,239.0,-0.0408,0.979,0.0039,RSA-4096
6.466682324168044,0,0,0,-0.0546,-1.1415,280.0,0.1531,0.9209,0.0,RSA-1024
7.155554431622167,0,0,0,0.1716,-1.1644,270.0,0.0528,0.9588,0.0039,RSA-2048
7.595453639979797,0,0,0,0.1098,-1.2559,249.0,0.0141,0.979,0.0,RSA-4096
6.480239648336088,0,0,0,-0.0243,-1.1654,276.0,0.0626,0.9209,0.0,RSA-1024
7.199971656297594,0,0,0,0.0179,-1.1089,252.0,-0.0305,0.9588,0.0,RSA-2048
7.5606068404566775,0,0,0,-0.0399,-1.2584,265.0,-0.0855,0.979,0.0039,RSA-4096
6.650352441389348,0,0,0,0.0889,-1.2354,220.0,0.1615,0.9209,0.0,RSA-1024
7.234713269538145,0,0,0,-0.0171,-1.1929,226.0,-0.0714,0.9588,0.0,RSA-2048
7.5608512649394175,0,0,0,0.099,-1.242,285.0,0.0416,0.979,0.0078,RSA-4096
6.628829882778696,0,0,0,0.0085,-1.079,236.0,-0.0847,0.9209,0.0079,RSA-1024
7.132861574533664,0,0,0,-0.0421,-1.1835,280.0,0.0326,0.9588,0.0039,RSA-2048
7.601791750327134,0,0,0,0.0805,-1.2107,260.0,-0.0193,0.979,0.0039,RSA-4096
6.538909765557392,0,0,0,0.0013,-1.0795,256.0,-0.0903,0.9209,0.0,RSA-1024
7.076242859263582,0,0,0,-0.0195,-1.1624,284.0,-0.0816,0.9588,0.0,RSA-2048
7.586539071782883,0,0,0,0.1272,-1.2719,258.0,-0.057,0.979,0.0,RSA-4096
6.48613720694674,0,0,0,-0.1264,-1.2302,272.0,-0.0691,0.9209,0.0079,RSA-1024
7.19102441389348,0,0,0,-0.0295,-1.1511,248.0,0.0069,0.9588,0.0,RSA-2048
7.614196554054196,0,0,0,-0.0907,-1.2335,246.0,-0.0176,0.979,0.0,RSA-4096
6.492034765557392,0,0,0,0.0135,-1.312,276.0,0.0187,0.9209,0.0,RSA-1024
7.286994824168044,0,0,0,0.003,-1.295,210.0,0.0921,0.9588,0.0,RSA-2048
7.522406588385545,0,0,0,0.0503,-1.1466,301.0,-0.0122,0.979,0.0039,RSA-4096
6.492034765557392,0,0,0,-0.0423,-1.1737,268.0,-0.1222,0.9209,0.0,RSA-1024
7.12071191389348,0,0,0,0.0618,-1.226,282.0,0.0,0.9588,0.0,RSA-2048
7.563101571782883,0,0,0,0.0476,-1.2095,282.0,-0.0447,0.979,0.0,RSA-4096
6.48152712518281,0,0,0,0.0519,-1.4086,288.0,-0.1431,0.9209,0.0,RSA-1024
7.177076990232819,0,0,0,-0.0347,-1.2263,254.0,0.0846,0.9588,0.0039,RSA-2048
7.561400858104608,0,0,0,-0.0067,-1.2396,282.0,0.03,0.979,0.0039,RSA-4096
6.445159765557392,0,0,0,0.0253,-1.1005,288.0,0.0159,0.9209,0.0,RSA-1024
7.081903052824224,0,0,0,0.0217,-1.1628,296.0,-0.0466,0.9588,0.0039,RSA-2048
7.6087096506113285,0,0,0,-0.099,-1.1217,250.0,0.004,0.979,0.002,RSA-4096
6.566329882778696,0,0,0,-0.1944,-1.3587,244.0,0.0305,0.9209,0.0,RSA-1024
7.125185535095537,0,0,0,-0.027,-1.186,284.0,-0.0948,0.9588,0.0039,RSA-2048
7.613674275794138,0,0,0,0.0542,-1.2139,234.0,0.0449,0.979,0.0039,RSA-4096
6.472579882778696,0,0,0,0.0235,-1.0437,276.0,0.0624,0.9209,0.0,RSA-1024
7.215495751809458,0,0,0,0.0087,-1.1138,230.0,0.0539,0.9588,0.0,RSA-2048
7.541466012369557,0,0,0,-0.0461,-1.2472,297.0,0.0321,0.979,0.0039,RSA-4096
6.607307324168044,0,0,0,-0.1502,-1.0683,236.0,0.0369,0.9209,0.0,RSA-1024
7.203700634588154,0,0,0,0.0087,-1.2162,242.0,0.103,0.9588,0.0039,RSA-2048
7.643241017732471,0,0,0,-0.0342,-1.1029,221.0,0.021,0.979,0.0039,RSA-4096
6.56426220694674,0,0,0,-0.0367,-1.2138,252.0,-0.0051,0.9209,0.0,RSA-1024
7.123270593706189,0,0,0,-0.0951,-1.2455,266.0,-0.0507,0.9588,0.0,RSA-2048
7.587087265020175,0,0,0,0.1053,-1.1203,258.0,-0.0496,0.979,0.0039,RSA-4096
6.597579882778696,0,0,0,0.0234,-0.9082,236.0,0.1085,0.9209,0.0,RSA-1024
7.159384314400863,0,0,0,-0.1148,-1.2339,250.0,0.0008,0.9588,0.0039,RSA-2048
7.57600443892343,0,0,0,-0.0117,-1.1364,276.0,0.012,0.979,0.0078,RSA-4096
6.497932324168044,0,0,0,-0.0358,-1.1503,272.0,0.0204,0.9209,0.0,RSA-1024
7.117763134588154,0,0,0,0.0059,-1.2844,272.0,0.1147,0.9588,0.0,RSA-2048
7.611954384151099,0,0,0,0.063,-1.1811,241.0,0.0116,0.979,0.0059,RSA-4096
6.644454882778696,0,0,0,-0.0599,-1.2608,224.0,0.0463,0.9209,0.0,RSA-1024
7.152605652316842,0,0,0,-0.1402,-1.2312,264.0,0.0204,0.9588,0.0,RSA-2048
7.566553773803762,0,0,0,0.113,-1.036,270.0,-0.0415,0.979,0.0059,RSA-4096
6.591682324168044,0,0,0,-0.25,-1.0479,240.0,0.0592,0.9209,0.0,RSA-1024
7.139776697179559,0,0,0,-0.0954,-1.1387,272.0,-0.0578,0.9588,0.0,RSA-2048
7.618846047037795,0,0,0,-0.0248,-1.209,232.0,-0.0622,0.979,0.002,RSA-4096
6.572227441389348,0,0,0,-0.0913,-1.3818,256.0,0.1034,0.9209,0.0,RSA-1024
7.182658361354119,0,0,0,-0.1273,-1.2481,258.0,0.0145,0.9588,0.0039,RSA-2048
7.607934810928163,0,0,0,-0.081,-1.2054,240.0,0.0051,0.979,0.0039,RSA-4096
6.495864648336088,0,0,0,-0.1456,-1.2474,272.0,-0.0975,0.9209,0.0,RSA-1024
7.240848193198806,0,0,0,0.0946,-1.2181,226.0,-0.0739,0.9588,0.0,RSA-2048
7.614680798804985,0,0,0,-0.0149,-1.2993,237.0,-0.03,0.979,0.002,RSA-4096
6.550704882778696,0,0,0,-0.0869,-1.2574,256.0,0.0384,0.9209,0.0,RSA-1024
7.18233081042011,0,0,0,-0.0082,-1.2059,264.0,-0.0998,0.9588,0.0,RSA-2048
7.598679195554803,0,0,0,0.127,-1.1979,259.0,-0.0752,0.979,0.0039,RSA-4096
6.511489648336088,0,0,0,-0.0435,-1.4606,268.0,0.0847,0.9209,0.0,RSA-1024
7.124541796672176,0,0,0,-0.251,-1.1578,278.0,-0.0036,0.9588,0.0118,RSA-2048
7.59673833918822,0,0,0,0.0433,-1.1941,249.0,-0.0152,0.979,0.0078,RSA-4096
6.492034765557392,0,0,0,-0.1778,-1.0818,268.0,0.0188,0.9209,0.0,RSA-1024
7.226257031114784,0,0,0,-0.0649,-1.2016,234.0,0.0218,0.9588,0.0,RSA-2048
7.585618557089839,0,0,0,0.0256,-1.2711,258.0,-0.0072,0.979,0.0039,RSA-4096
6.554534765557392,0,0,0,-0.1558,-1.2661,252.0,0.0366,0.9209,0.0,RSA-1024
7.137861755790211,0,0,0,0.1393,-1.1244,282.0,0.035,0.9588,0.0,RSA-2048
7.48890059981975,0,0,0,-0.0037,-1.2332,307.0,-0.084,0.979,0.002,RSA-4096
6.529182324168044,0,0,0,-0.2596,-1.1615,256.0,0.0288,0.9209,0.0079,RSA-1024
7.232154589725436,0,0,0,0.063,-1.1928,230.0,-0.0321,0.9588,0.0,RSA-2048
7.601520333359521,0,0,0,0.013,-1.2106,246.0,-0.047,0.979,0.0039,RSA-4096
6.644454882778696,0,0,0,-0.094,-1.2294,224.0,-0.0031,0.9209,0.0,RSA-1024
7.10917043560292,0,0,0,-0.141,-1.0484,286.0,-0.0308,0.9588,0.0078,RSA-2048
7.6048851271346996,0,0,0,0.0144,-1.2536,242.0,-0.0241,0.979,0.0,RSA-4096
6.42363720694674,0,0,0,0.0437,-1.2453,288.0,0.0893,0.9209,0.0,RSA-1024
7.208717089725436,0,0,0,-0.0027,-1.2261,244.0,0.0397,0.9588,0.0,RSA-2048
7.656044057892516,0,0,0,-0.0133,-1.1693,205.0,0.0225,0.979,0.002,RSA-4096
6.650352441389348,0,0,0,-0.2455,-1.3336,220.0,0.1273,0.9209,0.0,RSA-1024
7.0971379533316075,0,0,0,-0.1114,-1.2216,294.0,-0.0692,0.9588,0.0,RSA-2048
7.57883989500582,0,0,0,-0.0233,-1.2294,262.0,-0.0948,0.979,0.0039,RSA-4096
6.382659765557392,0,0,0,-0.2029,-1.2691,312.0,0.0298,0.9209,0.0,RSA-1024
7.109560535095537,0,0,0,-0.162,-1.125,280.0,0.0402,0.9588,0.0039,RSA-2048
7.609219510136585,0,0,0,0.0236,-1.1135,244.0,-0.0578,0.979,0.0,RSA-4096
6.619102441389348,0,0,0,0.1395,-1.0713,228.0,0.0452,0.9209,0.0,RSA-1024
7.195260670045529,0,0,0,0.0018,-1.2241,254.0,0.0471,0.9588,0.0039,RSA-2048
7.538452962157463,0,0,0,-0.1143,-1.2092,285.0,0.0071,0.979,0.0059,RSA-4096
6.591682324168044,0,0,0,-0.0044,-1.1912,240.0,0.0233,0.9209,0.0,RSA-1024
7.137370751809458,0,0,0,0.0824,-1.2867,266.0,0.066,0.9588,0.0,RSA-2048
7.592088846204619,0,0,0,-0.06,-1.2323,259.0,-0.0137,0.979,0.002,RSA-4096
6.522504566572159,0,0,0,0.0569,-1.0166,280.0,-0.1197,0.9209,0.0,RSA-1024
7.239576990232819,0,0,0,0.0235,-1.0167,238.0,-0.042,0.9588,0.0039,RSA-2048
7.596492837197843,0,0,0,-0.0082,-1.2736,257.0,0.027,0.979,0.0059,RSA-4096
6.40801220694674,0,0,0,-0.1122,-1.2769,292.0,-0.0348,0.9209,0.0079,RSA-1024
7.119287976484885,0,0,0,0.0542,-1.1203,284.0,0.087,0.9588,0.0,RSA-2048
7.584666445697234,0,0,0,-0.0372,-1.2212,261.0,0.0268,0.979,0.002,RSA-4096
6.544807324168044,0,0,0,0.0899,-1.1324,260.0,0.0032,0.9209,0.0,RSA-1024
7.157859472504132,0,0,0,-0.1453,-1.2114,250.0,0.1215,0.9588,0.0,RSA-2048
7.59231517023023,0,0,0,0.0185,-1.176,244.0,0.0967,0.979,0.0,RSA-4096
6.566329882778696,0,0,0,-0.1814,-1.1305,252.0,-0.0367,0.9209,0.0,RSA-1024
7.136691457312361,0,0,0,0.0616,-1.0953,284.0,0.118,0.9588,0.0,RSA-2048
7.614784480931421,0,0,0,-0.0258,-1.1703,249.0,-0.0509,0.979,0.0098,RSA-4096
6.591682324168044,0,0,0,-0.0375,-1.4174,240.0,-0.0394,0.9209,0.0079,RSA-1024
7.234560535095537,0,0,0,-0.0166,-1.2685,236.0,0.0492,0.9588,0.0,RSA-2048
7.515419057892517,0,0,0,-0.0035,-1.1413,303.0,0.0797,0.979,0.0059,RSA-4096
6.554534765557392,0,0,0,-0.0744,-1.0094,252.0,-0.1025,0.9209,0.0,RSA-1024
7.218597265557392,0,0,0,0.0629,-1.1385,238.0,0.0666,0.9588,0.0,RSA-2048
7.590495774026951,0,0,0,-0.0641,-1.1487,272.0,-0.0499,0.979,0.002,RSA-4096
6.644454882778696,0,0,0,-0.0717,-1.3154,224.0,-0.0881,0.9209,0.0,RSA-1024
7.170535693198806,0,0,0,0.0199,-1.1417,260.0,0.0311,0.9588,0.0,RSA-2048
7.594577895808495,0,0,0,0.1301,-1.2458,251.0,0.0218,0.979,0.0039,RSA-4096
6.560432324168044,0,0,0,-0.2211,-1.1992,256.0,-0.0266,0.9209,0.0,RSA-1024
7.173484472504132,0,0,0,0.1804,-1.2559,250.0,-0.0267,0.9588,0.0039,RSA-2048
7.592157076485555,0,0,0,0.0033,-1.1923,254.0,-0.0065,0.979,0.0039,RSA-4096
6.660079882778696,0,0,0,-0.0462,-1.1885,220.0,-0.1424,0.9209,0.0079,RSA-1024
7.126609472504132,0,0,0,0.0482,-1.0521,262.0,0.1052,0.9588,0.0,RSA-2048
7.533924606916906,0,0,0,0.0155,-1.1319,272.0,-0.0696,0.979,0.0039,RSA-4096
6.53301220694674,0,0,0,0.1319,-1.1689,260.0,0.0031,0.9209,0.0,RSA-1024
7.169501855282828,0,0,0,-0.097,-1.2358,248.0,-0.0727,0.9588,0.0,RSA-2048
7.587477686933053,0,0,0,-0.012,-1.1458,261.0,-0.0015,0.979,0.002,RSA-4096
6.544807324168044,0,0,0,-0.1296,-1.1907,252.0,-0.0523,0.9209,0.0,RSA-1024
7.200751855282828,0,0,0,-0.1482,-1.3053,240.0,0.0125,0.9588,0.0,RSA-2048
7.544722842223865,0,0,0,0.0517,-1.2313,281.0,0.026,0.979,0.0039,RSA-4096
6.448989648336088,0,0,0,0.0563,-0.9544,292.0,-0.049,0.9209,0.0,RSA-1024
7.118406873011515,0,0,0,-0.0209,-1.3259,274.0,-0.0578,0.9588,0.0039,RSA-2048
7.534755580566469,0,0,0,-0.0638,-1.2416,304.0,0.0741,0.979,0.0098,RSA-4096
6.511489648336088,0,0,0,0.0693,-1.1838,268.0,0.1416,0.9209,0.0,RSA-1024
7.186250879082807,0,0,0,-0.034,-1.2526,262.0,0.0217,0.9588,0.0039,RSA-2048
7.640241786183077,0,0,0,-0.0344,-1.2775,222.0,-0.0405,0.979,0.0059,RSA-4096
6.619102441389348,0,0,0,-0.1826,-1.1157,228.0,-0.0624,0.9209,0.0,RSA-1024
7.18488949023282,0,0,0,0.0729,-1.1606,252.0,0.0483,0.9588,0.0,RSA-2048
7.536052376089431,0,0,0,0.0274,-1.152,279.0,-0.0344,0.979,0.0098,RSA-4096
6.570159765557392,0,0,0,0.1726,-1.1312,248.0,-0.1376,0.9209,0.0,RSA-1024
7.253677148336088,0,0,0,-0.058,-1.2534,226.0,-0.0484,0.9588,0.0,RSA-2048
7.633135895585306,0,0,0,0.1055,-1.2931,229.0,-0.0058,0.979,0.0059,RSA-4096
6.51738720694674,0,0,0,-0.2443,-0.9956,288.0,0.1078,0.9209,0.0,RSA-1024
7.142234472504132,0,0,0,-0.0518,-1.2082,258.0,0.1048,0.9588,0.0,RSA-2048
7.496083180059086,0,0,0,0.0074,-1.1689,306.0,-0.1158,0.979,0.0078,RSA-4096
